customAuthorName,title_s,publicationDate_s,instStructName_s
Ilham Alloui,Tuning a Fuzzy Control System for Software Intensive Processes via Simulation,1999-05,"Université Savoie Mont Blanc, Université de Rennes, Institut National des Sciences Appliquées - Rennes, Université de Bretagne Sud, École normale supérieure - Rennes, Institut National de Recherche en Informatique et en Automatique, Télécom Bretagne, CentraleSupélec"
Ilham Alloui,Supporting Decentralised Software-intensive Processes using Zeta Component-based Architecture Description Language,2002-03,Université Savoie Mont Blanc
Ilham Alloui,e-Alliance: a software infrastructure for concurrent inter-organisational alliances,2002,"Université Savoie Mont Blanc, UR LSTI, Centre G2I"
Ilham Alloui,Software Agents for bringing cooperating software-intensive processes under quantitative control using fuzzy sets,1999-05-12,"Université Savoie Mont Blanc, Université de Rennes, Institut National des Sciences Appliquées - Rennes, Université de Bretagne Sud, École normale supérieure - Rennes, Institut National de Recherche en Informatique et en Automatique, CentraleSupélec, IMT Atlantique, Université de Bretagne Sud, Université de Rennes, Institut National des Sciences Appliquées - Rennes, Université de Bretagne Sud, École normale supérieure - Rennes, Institut National de Recherche en Informatique et en Automatique, CentraleSupélec, IMT Atlantique"
Ilham Alloui,The Package Blueprint: visually analyzing and quantifying package dependencies,2014-03-10,"Université de Lille, Sciences et Technologies, Institut National de Recherche en Informatique et en Automatique, Université de Lille, Sciences Humaines et Sociales, Institut National de Recherche en Informatique et en Automatique, Université Savoie Mont Blanc, Université de Bordeaux, École Nationale Supérieure d'Électronique, Informatique et Radiocommunications de Bordeaux (ENSEIRB)"
Ilham Alloui,Wise Objects for IoT (WIoT): Software Framework and Experimentation,2019-08-13,Université Savoie Mont Blanc
Ilham Alloui,"E-alliance, rapport de 1ère année programme thématique région rhône alpes",2001-04,"UR LSTI, Centre G2I, Université Savoie Mont Blanc"
Ilham Alloui,Automatic Package Coupling and Cycle Minimization,2009-10,"Université de Lille, Sciences et Technologies, Institut National de Recherche en Informatique et en Automatique, Université de Lille, Sciences Humaines et Sociales, Institut National de Recherche en Informatique et en Automatique, Département d'informatique et de recherche opérationnelle, Université Savoie Mont Blanc"
Ilham Alloui,WIoT: Interconnection between Wise Objects and IoT,2018-07-26,"Université Savoie Mont Blanc, Université Savoie Mont Blanc"
Ilham Alloui,Approche centrée architecture pour l'évolution dynamique de systèmes,2009,Université Savoie Mont Blanc
Khadija Bousselmi,Deep Reinforcement Learning-based Load Balancer using Kubernetes,2023-09-20,Université Savoie Mont Blanc
Khadija Bousselmi,A Machine Learning Based Decision Support Framework For Big Data Pipeline Modeling And Design,2024,Université Savoie Mont Blanc
Khadija Bousselmi,Predictive Systems for Snow Avalanche Forecasting,2022-05-17,Université Savoie Mont Blanc
Khadija Bousselmi,Combining MLP and Feature Engineering to Predict Avalanche Severity,2023-07-03,Université Savoie Mont Blanc
Khadija Bousselmi,Data Warehousing Process Modeling from Classical Approaches to New Trends: Main Features and Comparisons,2022,"Université Savoie Mont Blanc, École supérieure d'électronique de l'ouest [Angers]"
Khadija Bousselmi,A Multi-Layer Modeling for the Generation of New Architectures for Big Data Warehousing,2022-04-13,"University of Tunis El Manar, Université Savoie Mont Blanc, École supérieure d'électronique de l'ouest [Angers]"
Khadija Bousselmi,Exploring the Role of Machine Learning in Diagnosing and Treating Speech Disorders: A Systematic Literature Review,2024-05,Université Savoie Mont Blanc
Abdourrahmane Atto,SCHATTEN MATRIX NORM BASED POLARIMETRIC SAR DATA REGULARIZATION. APPLICATION OVER CHAMONIX MONT-BLANC,2013-02-22,Université Savoie Mont Blanc
Abdourrahmane Atto,Best Basis for Joint Representation: the Median of Marginal Best Bases for Low Cost Information Exchanges in Distributed Signal Representation,2014-07-03,Université Savoie Mont Blanc
Abdourrahmane Atto,Wavelet Operators and Multiplicative Observation Models -Application to SAR Image Time Series Analysis,2016-07-25,"Université Savoie Mont Blanc, Télécom ParisTech"
Abdourrahmane Atto,Adaptive Multitemporal SAR Image Filtering Based on the Change Detection Matrix,2014-04-08,"Université Savoie Mont Blanc, Télécom ParisTech"
Abdourrahmane Atto,Control of Discrete Event Systems with Respect to Strict Duration: Supervision of an Industrial Manufacturing Plant,2011,"Université Savoie Mont Blanc, Mines Nantes, École Centrale de Nantes, Université de Nantes, École normale supérieure - Cachan, Université Paris-Sud - Paris 11"
Abdourrahmane Atto,"Traitement automatique de ""time lapse"" : application à la surveillance de glaciers alpins",2017-06-12,"Université Savoie Mont Blanc, Université Savoie Mont Blanc"
Abdourrahmane Atto,Stochasticity: A Feature for the Structuring of Large and Heterogeneous Image Databases,2013-11-04,"Université Savoie Mont Blanc, Université Sciences et Technologies - Bordeaux 1, Institut Polytechnique de Bordeaux"
Abdourrahmane Atto,Matrice de Divergences Multi-Temporelles et Analyse des Séries Chronologiques d'Images SAR,2012-06-07,"Université Savoie Mont Blanc, Université Sciences et Technologies - Bordeaux 1, Institut Polytechnique de Bordeaux, Université européenne de Bretagne - European University of Brittany, Télécom Bretagne"
Abdourrahmane Atto,Inverse Formulation of Temporal Closure and Proposed Solutions for Offset Tracking of Natural Scenes,2017-06-27,Université Savoie Mont Blanc
Abdourrahmane Atto,Transformation possibiliste de lois de probabilités elliptiques,2019-11-15,Université Savoie Mont Blanc
Alexandre Benoit,Assistance via IoT Networking cameras and Evidence Theory for 3D Object Instance Recognition: Application for the NAO Humanoid Robot,2020,Université Savoie Mont Blanc
Alexandre Benoit,A Deep Learning-Based Multitasking Model for Hyperspectral Image Analysis using Novel TAIGA Dataset,2024-07-08,"Centre of Studies in Resources Engineering, Indian Institute of Technology Bombay, India, Université Savoie Mont Blanc, Indian Space Research Organisation"
Alexandre Benoit,IRIM at TRECVID 2012: Semantic Indexing and Instance Search,2012-11-26,"Commissariat à l'énergie atomique et aux énergies alternatives, Ecole Nationale Supérieure de l'Electronique et de ses Applications, CY Cergy Paris Université, Eurecom [Sophia Antipolis], Université de Rennes, Institut National des Sciences Appliquées - Rennes, Institut National de Recherche en Informatique et en Automatique, Institut National de Recherche en Informatique et en Automatique, Université de Bordeaux, École Nationale Supérieure d'Électronique, Informatique et Radiocommunications de Bordeaux (ENSEIRB), Université de la Méditerranée - Aix-Marseille 2, Université de Provence - Aix-Marseille 1, Université Pierre Mendès France - Grenoble 2, Université Joseph Fourier - Grenoble 1, Institut polytechnique de Grenoble - Grenoble Institute of Technology, Institut National Polytechnique de Grenoble, Université Pierre Mendès France - Grenoble 2, Université Joseph Fourier - Grenoble 1, Institut polytechnique de Grenoble - Grenoble Institute of Technology, Institut National Polytechnique de Grenoble, Université Paris-Sud - Paris 11, Université Paris-Saclay, Université Paris Saclay (COmUE), Université Pierre et Marie Curie - Paris 6, Université Lumière - Lyon 2, École Centrale de Lyon, Université Claude Bernard Lyon 1, Institut National des Sciences Appliquées de Lyon, Université Lumière - Lyon 2, École Centrale de Lyon, Université Claude Bernard Lyon 1, Institut National des Sciences Appliquées de Lyon, Université Savoie Mont Blanc, Aix Marseille Université, Université de Toulon, Arts et Métiers Paristech ENSAM Aix-en-Provence, Ministère de l'Education nationale, de l’Enseignement supérieur et de la Recherche, Télécom SudParis, Télécom SudParis, Télécom ParisTech, Ecole Nationale Supérieure d'Informatique pour l'Industrie et l'Entreprise, Conservatoire National des Arts et Métiers [CNAM], Ecole Nationale Supérieure d'Informatique pour l'Industrie et l'Entreprise, Conservatoire National des Arts et Métiers [CNAM]"
Alexandre Benoit,Analysis of the Cherenkov Telescope Array first Large-Sized Telescope real data using convolutional neural networks,2021,"Institut National de Physique Nucléaire et de Physique des Particules du CNRS, Université Savoie Mont Blanc, Université Savoie Mont Blanc"
Alexandre Benoit,Retina enhanced SIFT descriptors for video indexing,2013-06,"Université Savoie Mont Blanc, Université Politehnica [Bucarest, Roumanie]"
Alexandre Benoit,Deep learning for semantic segmentation,2021-04-02,"Université Savoie Mont Blanc, Aix Marseille Université, École Centrale de Marseille, CESI : groupe d’Enseignement Supérieur et de Formation Professionnelle"
Alexandre Benoit,IRIM at TRECVID 2015: Semantic Indexing,2015-11,"Commissariat à l'énergie atomique et aux énergies alternatives, Ecole Nationale Supérieure de l'Electronique et de ses Applications, CY Cergy Paris Université, Eurecom [Sophia Antipolis], Université de Bordeaux, École Nationale Supérieure d'Électronique, Informatique et Radiocommunications de Bordeaux (ENSEIRB), Aix Marseille Université, École Centrale de Marseille, Université Pierre Mendès France - Grenoble 2, Université Joseph Fourier - Grenoble 1, Institut polytechnique de Grenoble - Grenoble Institute of Technology, Institut National Polytechnique de Grenoble, Université Pierre Mendès France - Grenoble 2, Université Joseph Fourier - Grenoble 1, Institut polytechnique de Grenoble - Grenoble Institute of Technology, Institut National Polytechnique de Grenoble, Université Lumière - Lyon 2, École Centrale de Lyon, Université Claude Bernard Lyon 1, Institut National des Sciences Appliquées de Lyon, Université Savoie Mont Blanc"
Alexandre Benoit,Enhancement of Multi-Valued Images Using PDE Coupling,2011-08,"Université des sciences et de la Technologie d'Oran Mohamed Boudiaf [Oran], Université Savoie Mont Blanc"
Alexandre Benoit,Retina-Enhanced SURF Descriptors for Semantic Concept Detection in Videos,2012-10-15,"Université Savoie Mont Blanc, Université Pierre Mendès France - Grenoble 2, Université Stendhal - Grenoble 3, Université Joseph Fourier - Grenoble 1, Institut polytechnique de Grenoble - Grenoble Institute of Technology"
Alexandre Benoit,Similarity Measurement For Animation Movies,2011-01,"Université Savoie Mont Blanc, Polytechnic University of Bucharest = Université Politehnica de Bucarest = Universitatea POLITEHNICA din București"
Argheesh Bhanot,"OPTICAL MONITORING OF AVALANCHE REALEASE ZONES IN BESSANS, HAUTE MAURIENNE VALLEY, FRANCE, WITH A REMOTE AND ENERGY SELF-SUFFICIENT CAMERA SYSTEM",2024-09-23,"Université Savoie Mont Blanc, Avalanches : Localisation, Etudes, Actions, GEOPREVENT, Conseil Départemental de Savoie"
Julien Boissière,A column generation-based approach for partitioning with equity constraint: application to school canteen meat supply,2014-05-02,"Université Joseph Fourier - Grenoble 1, Institut polytechnique de Grenoble - Grenoble Institute of Technology, Institut National Polytechnique de Grenoble, Université Savoie Mont Blanc"
Julien Boissière,Application and evaluation of sentence embedding and clustering methods in the context of concept hierarchy construction,2023-09-06,Université Savoie Mont Blanc
Julien Boissière,Decision alignment within supply chain: from a customer/supplier system towrd a multi-echelon model,2014-11-05,"Université Joseph Fourier - Grenoble 1, Institut polytechnique de Grenoble - Grenoble Institute of Technology, Institut National Polytechnique de Grenoble, Université Savoie Mont Blanc"
Julien Boissière,Service Network Design in Short and Local Fresh Food Supply Chain,2013,"Université Joseph Fourier - Grenoble 1, Institut polytechnique de Grenoble - Grenoble Institute of Technology, Institut National Polytechnique de Grenoble, Université Savoie Mont Blanc"
Julien Boissière,Maturité des équipes dans les démarches de progrès : de quoi parle-t-on ?,2023-06-07,"Université Savoie Mont Blanc, Université Savoie Mont Blanc"
Julien Boissière,Lecture Alternative Pour Mettre en OEuvre le Supply Chain Management,2015-03-17,"groupe de recherche en management et système d'information, Université Savoie Mont Blanc, Université Savoie Mont Blanc"
Julien Boissière,Decentralised capacitated planning with minimal-information sharing in a 2-echelon supply chain,2015-02-05,"Centrale Lille, The Hong Kong Polytechnic University [Hong Kong], Université Joseph Fourier - Grenoble 1, Institut polytechnique de Grenoble - Grenoble Institute of Technology, Institut National Polytechnique de Grenoble, Université Savoie Mont Blanc"
Julien Boissière,Supply Chain Performance in the case of Decentralized Planning,2010-10-06,"Université Joseph Fourier - Grenoble 1, Institut polytechnique de Grenoble - Grenoble Institute of Technology, Institut National Polytechnique de Grenoble, Université Savoie Mont Blanc"
Julien Boissière,Construction of a concept-hierarchy: An automatic process using semantic and linguistic tools,2023-06-01,Université Savoie Mont Blanc
Julien Boissière,Balanced partitioning for school canteen meat supply,2013-05-30,"Université Joseph Fourier - Grenoble 1, Institut polytechnique de Grenoble - Grenoble Institute of Technology, Institut National Polytechnique de Grenoble, Université Savoie Mont Blanc"
Philippe Bolon,High Resolution SAR Interferometry: influence of local topography in the context of glacier monitoring,2006-07-24,"Université Savoie Mont Blanc, Université Politehnica [Bucarest, Roumanie], Université Joseph Fourier - Grenoble 1, Institut National Polytechnique de Grenoble, EC ARCHIT NANCY, EC ARCHIT TOULOUSE, EC ARCHIT MARSEILLE, EC ARCHIT LYON, Télécom ParisTech"
Philippe Bolon,A Fast and Accurate Rule-Base Generation Method for Mamdani Fuzzy Systems,2018-04-01,Université Savoie Mont Blanc
Philippe Bolon,MEGATOR : premiers résultats en photogrammétrie et interférométrie RSO,2005-11,"Université Savoie Mont Blanc, EC ARCHIT NANCY, EC ARCHIT TOULOUSE, EC ARCHIT MARSEILLE, EC ARCHIT LYON"
Philippe Bolon,Rectification radar de données géoréférencées : application à l'analyse de données dans les régions de haute montagne,2007,"Université Savoie Mont Blanc, Université Pierre Mendès France - Grenoble 2, Université Stendhal - Grenoble 3, Université Joseph Fourier - Grenoble 1, Institut polytechnique de Grenoble - Grenoble Institute of Technology, Université Pierre Mendès France - Grenoble 2, Université Stendhal - Grenoble 3, Université Joseph Fourier - Grenoble 1, Institut polytechnique de Grenoble - Grenoble Institute of Technology, EC ARCHIT NANCY, EC ARCHIT TOULOUSE, EC ARCHIT MARSEILLE, EC ARCHIT LYON"
Philippe Bolon,Best Basis for Joint Representation: the Median of Marginal Best Bases for Low Cost Information Exchanges in Distributed Signal Representation,2014-07-03,Université Savoie Mont Blanc
Philippe Bolon,A Linear-Complexity Rule Base Generation Method for Fuzzy Systems,2015-07,Université Savoie Mont Blanc
Philippe Bolon,Analyse d'images : Filtrage et segmentation,1995-10,"Université Savoie Mont Blanc, Université Joseph Fourier - Grenoble 1, Institut polytechnique de Grenoble - Grenoble Institute of Technology, VetAgro Sup - Institut national d'enseignement supérieur et de recherche en alimentation, santé animale, sciences agronomiques et de l'environnement, Université de Technologie de Compiègne, Institut National de Recherche en Informatique et en Automatique, Université de Rennes, Institut National des Sciences Appliquées - Rennes, Université de Bretagne Sud, École normale supérieure - Rennes, Institut National de Recherche en Informatique et en Automatique, Télécom Bretagne, CentraleSupélec, Institut National de Recherche en Informatique et en Automatique, École normale supérieure de Lyon, Université Claude Bernard Lyon 1, Institut National de Recherche en Informatique et en Automatique, Université Pierre et Marie Curie - Paris 6, Télécom ParisTech"
Philippe Bolon,Reconstruction de données manquantes par analyse en EOF : application aux séries temporelles de mesures de déplacement InSAR,2019-08-26,Université Savoie Mont Blanc
Philippe Bolon,EM-EOF: Gap-Filling in Incomplete SAR Displacement Time Series,2021-07,Université Savoie Mont Blanc
Philippe Bolon,Explainability of Image Semantic Segmentation Through SHAP Values,2022-08-21,"Université Savoie Mont Blanc, TOTAL S.E."
Reda Boukezzoula,A Decision-Making Computational Methodology for a Class of Type-2 Fuzzy Intervals: An Interval-Based Approach,2020,Université Savoie Mont Blanc
Reda Boukezzoula,Fuzzy nonlinear adaptive internal model control (FNAIMC) part I: Fuzzy model identification,1999-08,Université Savoie Mont Blanc
Reda Boukezzoula,Apprentissage de lois de commande floues pour des systèmes non linéaires (synthèse directe et indirecte),1998-11,Université Savoie Mont Blanc
Reda Boukezzoula,An Educational Tool for Fuzzy Control,2006,Université Savoie Mont Blanc
Reda Boukezzoula,"A Mathematical Model for HVLV Systems Scheduling and Optimization With Periodic Preventive Maintenance Using (max, +) Algebra",2012-05-23,"Université Savoie Mont Blanc, Université Savoie Mont Blanc"
Reda Boukezzoula,Fuzzy Adaptive Linearizing Control for Non-affine Systems,2003-05,Université Savoie Mont Blanc
Reda Boukezzoula,Fuzzy Nonlinear Adaptive Internal Model Control (FNAIMC),2001,Université Savoie Mont Blanc
Reda Boukezzoula,Mould Pouring Control based on Absorption Capacity Identification,2007-10,Université Savoie Mont Blanc
Reda Boukezzoula,A Fuzzy Set Estimation Using Interval Contractors: Application to Localization,2022,"Université européenne de Bretagne - European University of Brittany, École Nationale d'Ingénieurs de Brest, Université de Bretagne Sud, Université de Brest, Télécom Bretagne, Université de Brest, École Nationale Supérieure de Techniques Avancées Bretagne, École Nationale d'Ingénieurs de Brest, Université de Bretagne Sud, Université de Brest, École Nationale Supérieure de Techniques Avancées Bretagne, IMT Atlantique, Université Savoie Mont Blanc"
Reda Boukezzoula,Fuzzy supervisory based capacity allocation control for manufacturing systems,2007-07-23,"Université Savoie Mont Blanc, Université Savoie Mont Blanc"
Sorana Cimpan,Towards Software Architecture Physiology: Identifying Vital Component,2008-02-18,Université Savoie Mont Blanc
Sorana Cimpan,Gestion des architectures évolutives dans ArchWare,2006-09,"Université Savoie Mont Blanc, Université de Bretagne Sud"
Sorana Cimpan,Software Agents for bringing cooperating software-intensive processes under quantitative control using fuzzy sets,1999-05-12,"Université Savoie Mont Blanc, Université de Rennes, Institut National des Sciences Appliquées - Rennes, Université de Bretagne Sud, École normale supérieure - Rennes, Institut National de Recherche en Informatique et en Automatique, CentraleSupélec, IMT Atlantique, Université de Bretagne Sud, Université de Rennes, Institut National des Sciences Appliquées - Rennes, Université de Bretagne Sud, École normale supérieure - Rennes, Institut National de Recherche en Informatique et en Automatique, CentraleSupélec, IMT Atlantique"
Sorana Cimpan,Application and evaluation of sentence embedding and clustering methods in the context of concept hierarchy construction,2023-09-06,Université Savoie Mont Blanc
Sorana Cimpan,Software System Understanding via Architectural Views Extraction According to Multiple Viewpoints,2009-11,"Université Savoie Mont Blanc, Université de Lille, Sciences et Technologies, Institut National de Recherche en Informatique et en Automatique, Université de Lille, Sciences Humaines et Sociales, Institut National de Recherche en Informatique et en Automatique"
Sorana Cimpan,On the Application of Fuzzy Sets Theory on the Monitoring of Software-Intensive Processes,1999-08-17,"Université Savoie Mont Blanc, Université de Rennes, Institut National des Sciences Appliquées - Rennes, Université de Bretagne Sud, École normale supérieure - Rennes, Institut National de Recherche en Informatique et en Automatique, CentraleSupélec, IMT Atlantique, Université de Bretagne Sud, Université de Rennes, Institut National des Sciences Appliquées - Rennes, Université de Bretagne Sud, École normale supérieure - Rennes, Institut National de Recherche en Informatique et en Automatique, CentraleSupélec, IMT Atlantique"
Sorana Cimpan,COOK: Réarchitecturisation des applications industrielles à objets,2009-07,"Université de Lille, Sciences et Technologies, Institut National de Recherche en Informatique et en Automatique, Université de Lille, Sciences Humaines et Sociales, Institut National de Recherche en Informatique et en Automatique, Faculty of Science, Université Savoie Mont Blanc"
Sorana Cimpan,Alliance/TMM : Méta-modèle pour le suivi et l’analyse des processus de développement de logiciel,1999-12-08,"Université Savoie Mont Blanc, Université de Rennes, Institut National des Sciences Appliquées - Rennes, Université de Bretagne Sud, École normale supérieure - Rennes, Institut National de Recherche en Informatique et en Automatique, CentraleSupélec, IMT Atlantique, Université de Bretagne Sud, Université de Rennes, Institut National des Sciences Appliquées - Rennes, Université de Bretagne Sud, École normale supérieure - Rennes, Institut National de Recherche en Informatique et en Automatique, CentraleSupélec, IMT Atlantique"
Sorana Cimpan,"Alliance: An Agent-Based CASE Environment for Enterprise Process Modelling, Enactment and Quantitative Control",2000-03,"Université Savoie Mont Blanc, Université de Rennes, Institut National des Sciences Appliquées - Rennes, Université de Bretagne Sud, École normale supérieure - Rennes, Institut National de Recherche en Informatique et en Automatique, Télécom Bretagne, CentraleSupélec"
Sorana Cimpan,Construction de Vues pour la Représentation Architecturale des Systèmes Logiciels,2010-01,Université Savoie Mont Blanc
Didier Coquin,Evaluation locale de la performance basée sur un critère Mission/Qualité,2011-09-05,Université Savoie Mont Blanc
Didier Coquin,A Global System for Avalanche Risk Assessment,2022-06-15,Université Savoie Mont Blanc
Didier Coquin,Dynamic Hand Gesture Recognition Using the Skeleton of the Hand,2005-01,"Polytechnic University of Bucharest = Université Politehnica de Bucarest = Universitatea POLITEHNICA din București, Université Savoie Mont Blanc"
Didier Coquin,Color Recognition for NAO Robot Using Sugeno Fuzzy System and Evidence Theory,2015-07-03,Université Savoie Mont Blanc
Didier Coquin,Fusion method choice driven by user constraints in a human gesture recognition context,2015-06,Université Savoie Mont Blanc
Didier Coquin,Sub-Classification Strategies for Tree Species Recognition,2016-12-04,Université Savoie Mont Blanc
Didier Coquin,Thick Fuzzy Sets (TFSs) and Their Potential Use in Uncertain Fuzzy Computations and Modeling,2021-11,"Université Savoie Mont Blanc, École Nationale d'Ingénieurs de Brest, Université de Bretagne Sud, Université de Brest, École Nationale Supérieure de Techniques Avancées Bretagne, IMT Atlantique, École Nationale Supérieure de Techniques Avancées Bretagne"
Didier Coquin,"L’analyse multi-capteurs, un enjeu pour une connaissance plus précise des échantillons",2019-03-14,"Université Savoie Mont Blanc, Observatoire des Sciences de l'Univers de Grenoble, Université Savoie Mont Blanc, Université de Caen Normandie, Institut national des sciences de l'Univers, Université de Rouen Normandie"
Didier Coquin,A Multilevel Clustering Method for Risky Areas in the Context of Avalanche Danger Management,2022-07-04,Université Savoie Mont Blanc
Didier Coquin,Application of Baddeley's distance to dissimilarity measurement between gray scale images,2001,Université Savoie Mont Blanc
Vincent Couturier,Engineering agent-based information systems: a case study of automatic contract net systems,2010-06-08,Université Savoie Mont Blanc
Vincent Couturier,Patterns for Agent-Based Information Systems: A Case Study in Transport,2012-05-30,Université Savoie Mont Blanc
Vincent Couturier,Can Styles Improve Architectural Reuse ?,2008-02-18,Université Savoie Mont Blanc
Vincent Couturier,Patterns d'analyse pour l'ingénierie des systèmes multi-agents,2010-10-18,Université Savoie Mont Blanc
Vincent Couturier,Patterns d'Analyse pour l'Ingénierie de Systèmes d'Information à base d'Agents : Une Application au Domaine du Transport,2011-05-24,Université Savoie Mont Blanc
Luc Damas,Construction of a concept-hierarchy: An automatic process using semantic and linguistic tools,2023-06-01,Université Savoie Mont Blanc
Luc Damas,Multilingual Thesaurus: The Ontoterminology Approach,2014-09-06,Université Savoie Mont Blanc
Luc Damas,Définition du terme vs. définition du concept : pour une diversité langagière et une conceptualisation commune.,2009,"Université Sorbonne Nouvelle - Paris 3, Université Paris Diderot - Paris 7, Université Savoie Mont Blanc"
Luc Damas,Ontoterminology: A new paradigm for terminology,2009,"Université Savoie Mont Blanc, Université Sorbonne Nouvelle - Paris 3, Université Paris Diderot - Paris 7, Chercheur indépendant"
Luc Damas,Application and evaluation of sentence embedding and clustering methods in the context of concept hierarchy construction,2023-09-06,Université Savoie Mont Blanc
Luc Damas,Multilingual Thesaurus: The Ontoterminology Approach,2014-09-06,Université Savoie Mont Blanc
Yves Dumond,BAAL: an agent-oriented language for modelling and simulation,1996-10,Université Savoie Mont Blanc
Yves Dumond,Ontoreverse : mieux comprendre les logiciels pour réduire leurs coûts de maintenance,2015-04,Université Savoie Mont Blanc
Yves Dumond,Combining shape-based and raster-based approaches for forest fires simulation,2023-10-24,Université Savoie Mont Blanc
Yves Dumond,A relationship between Sequence and statechart diagrams,2000-10,"Université Savoie Mont Blanc, Université de Rennes, Institut National des Sciences Appliquées - Rennes, Université de Bretagne Sud, École normale supérieure - Rennes, Institut National de Recherche en Informatique et en Automatique, Télécom Bretagne, CentraleSupélec"
Yves Dumond,From forest firefighting doctrine to digital battlefield: a case study,2015-06,Université Savoie Mont Blanc
Yves Dumond,Forest fire growth modelling with geographical information fusion,2008-07,Université Savoie Mont Blanc
Yves Dumond,Modelling enterprise using concurrent engineering paradigms,1997,"Université Savoie Mont Blanc, Université Joseph Fourier - Grenoble 1, Institut National Polytechnique de Grenoble"
Yves Dumond,Modelling the fight against forest fires by means of a numerical battlefield,2006-10,Université Savoie Mont Blanc
Yves Dumond,LRO3: un modèle pour la programmation par objets parallèle,1993,"Université Savoie Mont Blanc, Université Gaston Berger de Saint-Louis Sénégal, Institut de Recherche pour le Développement, Université Pierre et Marie Curie - Paris 6, Institut de la francophonie pour l'informatique, Université Cheikh Anta Diop de Dakar [Sénégal], Université de Caen Normandie, École Nationale Supérieure d'Ingénieurs de Caen"
Yves Dumond,Une démarche ontoterminologique pour la rétro-ingénierie de logiciels,2015-06-10,"Université Savoie Mont Blanc, IRISBUS France"
Laurent Foulloy,Application d’un modèle flou de performance temporelle à l’amélioration du TRS,2017-05-03,Université Savoie Mont Blanc
Laurent Foulloy,Prise en compte de la sincérité et de la pertinence d’un décideur dans la déclaration d’objectifs industriels : une modélisation par la théorie des possibilités,2015-02-25,"Université Savoie Mont Blanc, IMT - MINES ALES"
Laurent Foulloy,Thick gradual sets and their computations: Application for determining the uncertain zone explored by an underwater robot,2021-06,"Université Savoie Mont Blanc, École Nationale d'Ingénieurs de Brest, Université de Bretagne Sud, Université de Brest, École Nationale Supérieure de Techniques Avancées Bretagne, IMT Atlantique, École Nationale Supérieure de Techniques Avancées Bretagne"
Laurent Foulloy,Integrating expert knowledge into industrial control structures,2003,Université Savoie Mont Blanc
Laurent Foulloy,A new transformation of continuous unimodal asymmetric probability distributions into possibility distributions,2021-01,Université Savoie Mont Blanc
Laurent Foulloy,Commande floue 1 : de la stabilisation à la supervision,2003-02,Université Savoie Mont Blanc
Laurent Foulloy,Fuzzy Input-Output Linearization of Nonlinear Systems,1997-09,Université Savoie Mont Blanc
Laurent Foulloy,Towards the adaptive laser robot,1984-10,"Université Paris-Sud - Paris 11, Université Savoie Mont Blanc"
Laurent Foulloy,Three stage algorithm for recognizing stable states and reorienting a workpiece,1983-11,Université Savoie Mont Blanc
Laurent Foulloy,Fuzzy Sensor for Fuzzy Control,1992-07,Université Savoie Mont Blanc
Sylvie Galichet,Simultaneous learning of rules and linguistic terms,1996-09,Université Savoie Mont Blanc
Sylvie Galichet,On Joint Parameterizations of Linear and Nonlinear Functionals in Neural Networks,2023-03,"Université Savoie Mont Blanc, École Nationale d'Ingénieurs de Brest, Université de Bretagne Sud, Université de Brest, École Nationale Supérieure de Techniques Avancées Bretagne, IMT Atlantique, IMT Atlantique"
Sylvie Galichet,Opérateurs Min et Max pour intervalles graduels,2018-11,Université Savoie Mont Blanc
Sylvie Galichet,"Words or numbers, Mamdani or Sugeno fuzzy systems: a comparative study",2006-07,Université Savoie Mont Blanc
Sylvie Galichet,Mould Pouring Control based on Absorption Capacity Identification,2007-10,Université Savoie Mont Blanc
Sylvie Galichet,"De la régression floue conventionnelle à la régression graduelle : Analyse, réflexion et perspectives. Partie 1 : vision intervalliste",2017-10,Université Savoie Mont Blanc
Sylvie Galichet,Fuzzy Controllers: Synthesis and Equivalences,1995,Université Savoie Mont Blanc
Sylvie Galichet,Fuzzy Sensor for Fuzzy Control,1994,Université Savoie Mont Blanc
Sylvie Galichet,"Fuzzy Control of Fuzzy Interval Systems, Part I: Solving First Order Fuzzy Equations",2004-07,Université Savoie Mont Blanc
Sylvie Galichet,Application of Fuzzy Logic Control for Continuous Casting Mold Level Control,1998,Université Savoie Mont Blanc
Guillaume Ginolhac,Robust Geometric Metric Learning,2022,"ONERA, CentraleSupélec, Université Paris-Saclay, Université Paris Nanterre, Université Savoie Mont Blanc, ONERA, Université Paris-Saclay"
Guillaume Ginolhac,ON THE USE OF GEODESIC TRIANGLES BETWEEN GAUSSIAN DISTRIBUTIONS FOR CLASSIFICATION PROBLEMS,2022-05-22,"ONERA, CentraleSupélec, Université Paris-Saclay, CentraleSupélec, Université Paris-Saclay, Université Savoie Mont Blanc, Université Paris Nanterre, ONERA, Université Paris-Saclay"
Guillaume Ginolhac,A Robust Change Detector for Highly Heterogeneous Multivariate Images,2018-04-15,"ONERA, CentraleSupélec, Université Paris Saclay (COmUE), ONERA, Université Paris Saclay (COmUE), Université Savoie Mont Blanc"
Guillaume Ginolhac,Random matrix theory applied to low rank STAP detection,2013-06-10,"ONERA, CentraleSupélec, Université Paris Saclay (COmUE), Université Savoie Mont Blanc"
Guillaume Ginolhac,Robust rank constrained kronecker covariance matrix estimation,2016,"Université Paris Nanterre, Center for Condensed Matter and Materials Physics, Department of Physics, Beihang University, Beijing, Hong Kong University of Science and Technology, Université Savoie Mont Blanc"
Guillaume Ginolhac,Covariance fitting based InSAR Phase Linking,2023-07-17,"ONERA, Université Paris-Saclay, Université Paris Nanterre, ONERA, Université Paris-Saclay, Université Savoie Mont Blanc"
Guillaume Ginolhac,On-line Kronecker Product Structured Covariance Estimation with Riemannian geometry for t-distributed data,2021-08-23,"CentraleSupélec, Université Paris-Saclay, Université Paris Nanterre, Université Savoie Mont Blanc"
Guillaume Ginolhac,Riemannian geometry for compound Gaussian distributions: Application to recursive change detection,2020-11,"Université Savoie Mont Blanc, ONERA, CentraleSupélec, Université Paris-Saclay, Université Sciences et Technologies - Bordeaux 1, Institut Polytechnique de Bordeaux"
Guillaume Ginolhac,"Une nouvelle décomposition tensorielle orthogonale, l'Alternative Unfolding HOSVD. Application au STAP Polarimétrique",2013-09-03,"École normale supérieure - Cachan, Université Paris-Sud - Paris 11, Institut Français des Sciences et Technologies des Transports, de l'Aménagement et des Réseaux, École normale supérieure - Rennes, Université de Cergy Pontoise, Conservatoire National des Arts et Métiers [CNAM], Université Savoie Mont Blanc, ONERA, CentraleSupélec, Université Paris Saclay (COmUE)"
Guillaume Ginolhac,PERFORMANCE ANALYSIS OF A LOW-RANK DETECTOR UNDER TRAINING DATA CONTAMINATION,2019-12-15,"Université Sciences et Technologies - Bordeaux 1, Institut Polytechnique de Bordeaux, Université Savoie Mont Blanc, Université Paris-Sud - Paris 11, CentraleSupélec, Université Paris Nanterre, École normale supérieure - Rennes, Conservatoire National des Arts et Métiers [CNAM], Université Paris-Saclay, Ecole Normale Supérieure  Paris-Saclay, Université Gustave Eiffel, CY Cergy Paris Université"
Patrick Lambert,IRIM at TRECVID 2013: Semantic Indexing and Instance Search,2013,"Commissariat à l'énergie atomique et aux énergies alternatives, Ecole Nationale Supérieure de l'Electronique et de ses Applications, CY Cergy Paris Université, Eurecom [Sophia Antipolis], Université de Bordeaux, École Nationale Supérieure d'Électronique, Informatique et Radiocommunications de Bordeaux (ENSEIRB), Université de la Méditerranée - Aix-Marseille 2, Université de Provence - Aix-Marseille 1, Université Pierre Mendès France - Grenoble 2, Université Joseph Fourier - Grenoble 1, Institut polytechnique de Grenoble - Grenoble Institute of Technology, Institut National Polytechnique de Grenoble, Université Pierre Mendès France - Grenoble 2, Université Joseph Fourier - Grenoble 1, Institut polytechnique de Grenoble - Grenoble Institute of Technology, Institut National Polytechnique de Grenoble, Université Lumière - Lyon 2, École Centrale de Lyon, Université Claude Bernard Lyon 1, Institut National des Sciences Appliquées de Lyon, Université Lumière - Lyon 2, École Centrale de Lyon, Université Claude Bernard Lyon 1, Institut National des Sciences Appliquées de Lyon, Université Savoie Mont Blanc"
Patrick Lambert,"Système de Vision, revue Traitement du signal, Volume 24, N°5",2007,"La Rochelle Université, Université de Caen Normandie, École Nationale Supérieure d'Ingénieurs de Caen, Université Savoie Mont Blanc"
Patrick Lambert,GammaLearn - first steps to apply Deep Learning to the Cherenkov Telescope Array data,2019,"Institut National de Physique Nucléaire et de Physique des Particules du CNRS, Université Savoie Mont Blanc, Université Savoie Mont Blanc"
Patrick Lambert,PDE Based Enhancement of Color Images in RGB Space,2012-05-01,"Université des sciences et de la Technologie d'Oran Mohamed Boudiaf [Oran], Université Savoie Mont Blanc"
Patrick Lambert,Retina enhanced bag of words descriptors for video classification,2014-09-02,Université Savoie Mont Blanc
Patrick Lambert,Deep Learning vs Spectral Clustering into an active clustering with pairwise constraints propagation,2016,"Université Savoie Mont Blanc, University Politehnica of Bucharest [Romania]"
Patrick Lambert,The Cut Detection Issue in the Animation Movie Domain,2007,"Université Savoie Mont Blanc, Polytechnic University of Bucharest = Université Politehnica de Bucarest = Universitatea POLITEHNICA din București"
Patrick Lambert,Rushes summarization by IRIM consortium: redundancy removal and multi-feature fusion,2008-10-31,"Université Pierre Mendès France - Grenoble 2, Université Joseph Fourier - Grenoble 1, Institut polytechnique de Grenoble - Grenoble Institute of Technology, Institut National Polytechnique de Grenoble, Université Pierre Mendès France - Grenoble 2, Université Joseph Fourier - Grenoble 1, Institut polytechnique de Grenoble - Grenoble Institute of Technology, Institut National Polytechnique de Grenoble, Université de Bordeaux, École Nationale Supérieure d'Électronique, Informatique et Radiocommunications de Bordeaux (ENSEIRB), Université Pierre et Marie Curie - Paris 6, Ecole Nationale Supérieure de l'Electronique et de ses Applications, CY Cergy Paris Université, Université Savoie Mont Blanc, Université de Limoges, Université de Poitiers =  University of Poitiers, Université Pierre Mendès France - Grenoble 2, Université Stendhal - Grenoble 3, Université Joseph Fourier - Grenoble 1, Institut polytechnique de Grenoble - Grenoble Institute of Technology, Université Lumière - Lyon 2, École Centrale de Lyon, Université Claude Bernard Lyon 1, Institut National des Sciences Appliquées de Lyon"
Patrick Lambert,IRIM at TRECVID 2010: High Level Feature Extraction and Instance Search,2010,"Ecole Nationale Supérieure de l'Electronique et de ses Applications, CY Cergy Paris Université, CRIL Ingénierie, Université Pierre Mendès France - Grenoble 2, Université Stendhal - Grenoble 3, Université Joseph Fourier - Grenoble 1, Institut polytechnique de Grenoble - Grenoble Institute of Technology, Université Pierre Mendès France - Grenoble 2, Université Stendhal - Grenoble 3, Université Joseph Fourier - Grenoble 1, Institut polytechnique de Grenoble - Grenoble Institute of Technology, Université Paris-Sud - Paris 11, Université Paris-Saclay, Université Paris Saclay (COmUE), Université Toulouse Capitole, Université Toulouse - Jean Jaurès, Université Toulouse III - Paul Sabatier, Institut National Polytechnique (Toulouse), Université Toulouse - Jean Jaurès, Université Toulouse III - Paul Sabatier, Université de Bordeaux, École Nationale Supérieure d'Électronique, Informatique et Radiocommunications de Bordeaux (ENSEIRB), Université de Rennes, Institut National des Sciences Appliquées - Rennes, Institut National de Recherche en Informatique et en Automatique, Institut National de Recherche en Informatique et en Automatique, Université de la Méditerranée - Aix-Marseille 2, Université de Provence - Aix-Marseille 1, Université Pierre Mendès France - Grenoble 2, Université Joseph Fourier - Grenoble 1, Institut polytechnique de Grenoble - Grenoble Institute of Technology, Institut National Polytechnique de Grenoble, Institut d'Optique Graduate School, Université Jean Monnet - Saint-Étienne, Université Pierre Mendès France - Grenoble 2, Université Joseph Fourier - Grenoble 1, Institut polytechnique de Grenoble - Grenoble Institute of Technology, Institut National Polytechnique de Grenoble, Université Savoie Mont Blanc"
Patrick Lambert,IRIM at TRECVID 2016: Instance Search,2016-11-14,"Université de Bordeaux, École Nationale Supérieure d'Électronique, Informatique et Radiocommunications de Bordeaux (ENSEIRB), Université Paris-Sud - Paris 11, Université Paris-Saclay, Université Paris Saclay (COmUE), Université Savoie Mont Blanc, Institut polytechnique de Grenoble - Grenoble Institute of Technology, Université Grenoble Alpes [2016-2019]"
Faiza Loukil,Data Distribution Impact on Preserving Privacy in Centralized and Decentralized Learning,2023-07-12,Université Savoie Mont Blanc
Faiza Loukil,Early Detection of Diabetes Mellitus Using Differentially Private SGD in Federated Learning,2022-12-05,"Université de Sfax, Université Savoie Mont Blanc"
Faiza Loukil,Machine Learning for Text Anomaly Detection: A Systematic Review,2023,"Université Savoie Mont Blanc, Cegedim-SRH"
Faiza Loukil,A blockchain-based framework for circular end-of-life vehicle processing,2023-02-08,"Zayed University, Université Savoie Mont Blanc, Université Polytechnique Hauts-de-France, INSA Institut National des Sciences Appliquées Hauts-de-France"
Faiza Loukil,A Path Towards Fair and Equitable AI Advancing Bias Mitigation in Federated Learning,2023-07-02,Université Savoie Mont Blanc
Faiza Loukil,Strategic Integration of Context for Fine-Tuning Topic Model Performance,2024,"Université Savoie Mont Blanc, Cegedim"
Faiza Loukil,A Clustering Approach Combining Lines and Text Detection for Table Extraction,2023-08-24,"Université Savoie Mont Blanc, Cegedim-SRH"
Faiza Loukil,BELONG: Blockchain basEd pLatform fOr donation \& social project fuNdinG,2022-12-05,"Université Savoie Mont Blanc, Université Polytechnique Hauts-de-France, INSA Institut National des Sciences Appliquées Hauts-de-France"
Faiza Loukil,LLM-centric pipeline for information extraction from invoices,2024-11-26,"Université Savoie Mont Blanc, Cegedim"
Faiza Loukil,Privacy and Security in Federated Learning: A Survey,2022-10-01,"Université Savoie Mont Blanc, Université Savoie Mont Blanc"
Gilles Mauris,Fuzzy modelling of measurements acquired by an intelligent ultrasonic telemeter,1998-05,Université Savoie Mont Blanc
Gilles Mauris,Fuzzy Performance Indicators for Manufacturing Processes,1998,Université Savoie Mont Blanc
Gilles Mauris,Possibility transformation of the sum of two symmetric unimodal independent/comonotone random variables,2013-08-19,Université Savoie Mont Blanc
Gilles Mauris,Handling uncertainty in a MCDM Process for an e-business website choice support,2005,"IMT - MINES ALES, Université Savoie Mont Blanc, Université Savoie Mont Blanc"
Gilles Mauris,A diagnosis and monitoring support system for marketing activities,2006,"IMT - MINES ALES, Université Savoie Mont Blanc, Université Savoie Mont Blanc"
Gilles Mauris,Image Change Detection by Possibility Distribution Dissemblance,2017-07-09,"Université Savoie Mont Blanc, Université européenne de Bretagne - European University of Brittany, Télécom Bretagne, Université européenne de Bretagne - European University of Brittany, École Nationale d'Ingénieurs de Brest, Université de Bretagne Sud, Université de Brest, Télécom Bretagne, Université de Brest, École Nationale Supérieure de Techniques Avancées Bretagne"
Gilles Mauris,Possibility distributions: A unified representation of usual direct probability-based parameter estimation methods,2011-12-01,Université Savoie Mont Blanc
Gilles Mauris,Measurement Theory considerations in Fuzzy Sensors,1995-08,Université Savoie Mont Blanc
Gilles Mauris,Local measurement validation for an intelligent telemeter,1996-06,Université Savoie Mont Blanc
Gilles Mauris,Fuzzy sensor for the perception of colour,1994-06,Université Savoie Mont Blanc
Nicolas Méger,Connectivity constraint-based sequential pattern extraction from Satellite Image Time Series,2013-09-23,"Université Savoie Mont Blanc, Institute of Space Science [Bucharest-Măgurele]"
Nicolas Méger,Editorial,2013-09-02,Université Savoie Mont Blanc
Nicolas Méger,Suivi de l'érosion par imagerie satellite et fouille de données spatio-temporelles,2016,"Institut National des Sciences Appliquées de Lyon, Bluecham SAS [Nouméa], Université Savoie Mont Blanc, Université Lumière - Lyon 2, École Centrale de Lyon, Université Claude Bernard Lyon 1, Institut National des Sciences Appliquées de Lyon, Université Lumière - Lyon 2, École Centrale de Lyon, Université Claude Bernard Lyon 1, Institut National des Sciences Appliquées de Lyon, Institut National de Recherche en Informatique et en Automatique, Université Claude Bernard Lyon 1, VetAgro Sup - Institut national d'enseignement supérieur et de recherche en alimentation, santé animale, sciences agronomiques et de l'environnement, Université Lumière - Lyon 2, École Centrale de Lyon, Université Claude Bernard Lyon 1, Institut National des Sciences Appliquées de Lyon"
Nicolas Méger,Studying Evolution of Hydrothermal Alteration Materials in the Turrialba Volcano through Multispectral and Hyperspectral Images,2020,"Instituto Nacional de Técnica Aeroespacial, Universidad Politécnica de Madrid, Université Lumière - Lyon 2, École Centrale de Lyon, Université Claude Bernard Lyon 1, Institut National des Sciences Appliquées de Lyon, Université Lumière - Lyon 2, École Centrale de Lyon, Université Claude Bernard Lyon 1, Institut National des Sciences Appliquées de Lyon, Université Savoie Mont Blanc, Universidad de Costa Rica, Universidade Federal de Alagoas = Federal University of Alagoas"
Nicolas Méger,On mining pixel based evolution classes in satellite image time series,2008-03-06,"Université Savoie Mont Blanc, Université Politehnica [Bucarest, Roumanie]"
Nicolas Méger,A pattern-based mining system for exploring Displacement Field Time Series,2019-11-08,"Université Savoie Mont Blanc, Université Lumière - Lyon 2, École Centrale de Lyon, Université Claude Bernard Lyon 1, Institut National des Sciences Appliquées de Lyon, Université Lumière - Lyon 2, École Centrale de Lyon, Université Claude Bernard Lyon 1, Institut National des Sciences Appliquées de Lyon, Université Lumière - Lyon 2, École Centrale de Lyon, Université Claude Bernard Lyon 1, Institut National des Sciences Appliquées de Lyon, Institut National de Recherche en Informatique et en Automatique, Université Claude Bernard Lyon 1, VetAgro Sup - Institut national d'enseignement supérieur et de recherche en alimentation, santé animale, sciences agronomiques et de l'environnement, Université Lumière - Lyon 2, École Centrale de Lyon, Université Claude Bernard Lyon 1, Institut National des Sciences Appliquées de Lyon, University of Edinburgh"
Nicolas Méger,Explaining the decisions and the functioning of a convolutional spatiotemporal land cover classifier with channel attention and redescription mining,2024-09,"Université Savoie Mont Blanc, Université Savoie Mont Blanc, Institut National de Recherche en Informatique et en Automatique, Centre de Coopération Internationale en Recherche Agronomique pour le Développement, AgroParisTech, Institut National de Recherche pour l’Agriculture, l’Alimentation et l’Environnement, Centre de Coopération Internationale en Recherche Agronomique pour le Développement, AgroParisTech, Institut National de Recherche pour l’Agriculture, l’Alimentation et l’Environnement, Université de Rennes, Institut National des Sciences Appliquées - Rennes, Université de Bretagne Sud, École normale supérieure - Rennes, Institut National de Recherche en Informatique et en Automatique, CentraleSupélec, IMT Atlantique"
Nicolas Méger,Method for predicting a rotation fault in the rotor of a vacuum pump and associated pumping device,2010-12-29,Université Savoie Mont Blanc
Nicolas Méger,On Joint Parameterizations of Linear and Nonlinear Functionals in Neural Networks,2023-03,"Université Savoie Mont Blanc, École Nationale d'Ingénieurs de Brest, Université de Bretagne Sud, Université de Brest, École Nationale Supérieure de Techniques Avancées Bretagne, IMT Atlantique, IMT Atlantique"
Nicolas Méger,Extraction of Frequent Grouped Sequential Patterns from Satellite Image Time Series,2010-07-25,"Université Savoie Mont Blanc, Université Politehnica [Bucarest, Roumanie], Université Lumière - Lyon 2, École Centrale de Lyon, Université Claude Bernard Lyon 1, Institut National des Sciences Appliquées de Lyon, Université Lumière - Lyon 2, École Centrale de Lyon, Université Claude Bernard Lyon 1, Institut National des Sciences Appliquées de Lyon, Institut National de Recherche en Informatique et en Automatique, Université Claude Bernard Lyon 1, VetAgro Sup - Institut national d'enseignement supérieur et de recherche en alimentation, santé animale, sciences agronomiques et de l'environnement, Université Lumière - Lyon 2, École Centrale de Lyon, Université Claude Bernard Lyon 1, Institut National des Sciences Appliquées de Lyon, Institut national des sciences de l'Univers, École normale supérieure - Paris, Université Joseph Fourier - Grenoble 1, Institut polytechnique de Grenoble - Grenoble Institute of Technology, Institut national des sciences de l'Univers, Institut national de recherche en sciences et technologies pour l'environnement et l'agriculture, Université Savoie Mont Blanc, Laboratoire Central des Ponts et Chaussées, Institut de Recherche pour le Développement, University Politehnica of Bucharest [Romania]"
Ammar Mian,Nouvel algorithme d'inversion robuste pour le RADAR GPR,2022-09-06,"Université Savoie Mont Blanc, Université Savoie Mont Blanc, Groupe Géolithe"
Ammar Mian,An Overview of Covariance‐based Change Detection Methodologies in Multivariate SAR Image Time Series,2021-12-28,"Université Savoie Mont Blanc, ONERA, CentraleSupélec, Université Paris-Saclay, ONERA, Université Paris-Saclay, Université Paris Nanterre, CentraleSupélec, Université Paris-Saclay"
Ammar Mian,Riemannian geometry for compound Gaussian distributions: Application to recursive change detection,2020-11,"Université Savoie Mont Blanc, ONERA, CentraleSupélec, Université Paris-Saclay, Université Sciences et Technologies - Bordeaux 1, Institut Polytechnique de Bordeaux"
Ammar Mian,On-line Kronecker Product Structured Covariance Estimation with Riemannian geometry for t-distributed data,2021-08-23,"CentraleSupélec, Université Paris-Saclay, Université Paris Nanterre, Université Savoie Mont Blanc"
Ammar Mian,Designing Sar Images Change-point Estimation Strategies Using an Mse Lower Bound,2019-05-12,"ONERA, CentraleSupélec, Université Paris Saclay (COmUE), Université Paris-Sud - Paris 11, CentraleSupélec, Université Savoie Mont Blanc, ONERA, Université Paris Saclay (COmUE)"
Ammar Mian,A Robust Change Detector for Highly Heterogeneous Multivariate Images,2018-04-15,"ONERA, CentraleSupélec, Université Paris Saclay (COmUE), ONERA, Université Paris Saclay (COmUE), Université Savoie Mont Blanc"
Ammar Mian,Détection de Changement Robuste en Rang Faible pour les Séries Temporelles d'Images SAR,2019-08-26,"ONERA, CentraleSupélec, Université Paris Saclay (COmUE), Université Paris Nanterre, Université Savoie Mont Blanc, ONERA, Université Paris Saclay (COmUE)"
Ammar Mian,New Robust Statistics for Change Detection in Time Series of Multivariate SAR Images,2019-01-15,"ONERA, CentraleSupélec, Université Paris Saclay (COmUE), Université Savoie Mont Blanc, ONERA, Université Paris Saclay (COmUE)"
Ammar Mian,Robust Low-rank Change Detection for SAR Image Time Series,2020,"ONERA, CentraleSupélec, Université Paris-Saclay, Aalto University, Université Paris Nanterre, Université Savoie Mont Blanc, ONERA, Université Paris-Saclay"
Ammar Mian,Classification of GPR Signals via Covariance Pooling on CNN Features within a Riemannian Framework,2022-09-28,"Université Savoie Mont Blanc, Université Savoie Mont Blanc, Groupe Géolithe"
Sébastien Monnet,Towards a Semantic Model for Wise Systems - A Graph Matching Algorithm,2022-11-12,Université Savoie Mont Blanc
Sébastien Monnet,Data Warehousing Process Modeling from Classical Approaches to New Trends: Main Features and Comparisons,2022,"Université Savoie Mont Blanc, École supérieure d'électronique de l'ouest [Angers]"
Sébastien Monnet,A Multi-Layer Modeling for the Generation of New Architectures for Big Data Warehousing,2022-04-13,"University of Tunis El Manar, Université Savoie Mont Blanc, École supérieure d'électronique de l'ouest [Angers]"
Sébastien Monnet,Analysis of a Stochastic Model of Replication in Large Distributed Storage Systems,2017-06-13,"Université Pierre et Marie Curie - Paris 6, Université Paris Diderot - Paris 7, Institut National de Recherche en Informatique et en Automatique, Université Pierre et Marie Curie - Paris 6, Institut National de Recherche en Informatique et en Automatique, Université Savoie Mont Blanc, Institut National de Recherche en Informatique et en Automatique"
Sébastien Monnet,A Graph Matching Algorithm to Extend Software Wise Systems with Human Semantic,2023,"Université Savoie Mont Blanc, Université Savoie Mont Blanc"
Sébastien Monnet,A new software architecture for the Wise Object Framework: Multidimensional Separation of Concerns,2022-07-11,"SaGa Corp, Paris, France, Université Savoie Mont Blanc"
Sébastien Monnet,Analysis of a Stochastic Model of Replication in Large Distributed Storage Systems: A Mean-Field Approach,2017-06-05,"Institut National de Recherche en Informatique et en Automatique, Université Pierre et Marie Curie - Paris 6, Institut National de Recherche en Informatique et en Automatique, Université Savoie Mont Blanc, Université Savoie Mont Blanc"
Sébastien Monnet,Toward heterogeneity-aware device-to-device data dissemination over Wi-Fi networks,2017-12,"Université Pierre et Marie Curie - Paris 6, Institut National de Recherche en Informatique et en Automatique, Magency, Université Savoie Mont Blanc, Université Savoie Mont Blanc, Université Pierre et Marie Curie - Paris 6"
Sébastien Monnet,ACDC : Advanced Consolidation for Dynamic Containers,2017-10-30,"Université Pierre et Marie Curie - Paris 6, Institut National de Recherche en Informatique et en Automatique, Université Savoie Mont Blanc"
Sébastien Monnet,How to use the past to face the future?,2020,"École normale supérieure de Lyon, Université Claude Bernard Lyon 1, Institut National de Recherche en Informatique et en Automatique, Université Savoie Mont Blanc, École normale supérieure de Lyon, Université Claude Bernard Lyon 1, Institut National de Recherche en Informatique et en Automatique, Institut National de Recherche en Informatique et en Automatique"
Stéphane Perrin,"Interaction between Humans, NAO Robot and Multiple Cameras for Colored Objects Recognition using Information Fusion",2015-06-27,Université Savoie Mont Blanc
Stéphane Perrin,Body posture measurement in a context of example-based teaching,2014-09-03,Université Savoie Mont Blanc
Stéphane Perrin,CCD camera modeling and simulation,1996-11,"Université Savoie Mont Blanc, Institut National des Sciences Appliquées de Lyon"
Stéphane Perrin,A low-cost machine learning process for gait measurement using an electrostatic sensors network,2024-03,Université Savoie Mont Blanc
Stéphane Perrin,Fusion method choice driven by user constraints in a human gesture recognition context,2015-06,Université Savoie Mont Blanc
Stéphane Perrin,Integrate information consumer need based on information and accuracy modeling with time consideration,2004-06,Université Savoie Mont Blanc
Stéphane Perrin,Query's Reply Generating from Sensors Regarding the Consumer's Constraints Application Using MAS,2008-08,Université Savoie Mont Blanc
Stéphane Perrin,An integrated approach for programming vision inspection cells,1995-07,"Aix Marseille Université, Université de Toulon, Université Savoie Mont Blanc"
Stéphane Perrin,Combination of Sugeno Fuzzy System and Evidence Theory for NAO Robot in Colors Recognition,2015-08-05,Université Savoie Mont Blanc
Stéphane Perrin,From group work to team work: comparative analysis in three european institutions,2023,"Ecole Polytechnique Fédérale de Lausanne, Haute Ecole Spécialisée de Suisse Occidentale, Université Savoie Mont Blanc"
Stéphan Plassart,An MDP-Based Solution for the Energy Minimization of Non-Clairvoyant Hard Real-Time Systems,2024-12-05,"Institut National de Recherche en Informatique et en Automatique, Institut polytechnique de Grenoble - Grenoble Institute of Technology, Institut National de Recherche en Informatique et en Automatique, Institut polytechnique de Grenoble - Grenoble Institute of Technology, Université Savoie Mont Blanc, Université Savoie Mont Blanc"
Frédéric Pourraz,A Multilevel Clustering Method for Risky Areas in the Context of Avalanche Danger Management,2022-07-04,Université Savoie Mont Blanc
Frédéric Pourraz,Client-Oriented Preferences Model for QoS Aggregation in Service-Based Applications,2012-12-01,Université Savoie Mont Blanc
Frédéric Pourraz,Classification des précipitations sur les massifs alpins français,2021-09-13,Université Savoie Mont Blanc
Frédéric Pourraz,Description des services MES et de leurs opérations,2011-02,Université Savoie Mont Blanc
Frédéric Pourraz,An Architecture-Centric Approach for Managing the Evolution of EAI Services-Oriented Architecture,2006-05,"Université Savoie Mont Blanc, Université de Bretagne Sud"
Frédéric Pourraz,Modèle logique avancé - version V1,2013-10-18,"Ecole Nationale Supérieure d'Informatique pour l'Industrie et l'Entreprise, Conservatoire National des Arts et Métiers [CNAM], Université de Montpellier, Institut National de Recherche en Informatique et en Automatique, Mines Nantes, École des Mines de Paris, Université Savoie Mont Blanc, Ecole Nationale Supérieure des Télécommunications"
Frédéric Pourraz,A Global System for Avalanche Risk Assessment,2022-06-15,Université Savoie Mont Blanc
Frédéric Pourraz,A Recommender System in a Touristic Context,2019-04-11,"Université Savoie Mont Blanc, Commissariat à l'énergie atomique et aux énergies alternatives"
Frédéric Pourraz,Exemples de mise en oeuvre de la description des services MES et de leurs opérations,2011-02,Université Savoie Mont Blanc
Frédéric Pourraz,π-Diapason : un langage pour la formalisation des architectures orientées services Web,2006-09,"Université Savoie Mont Blanc, Université de Bretagne Sud"
Christophe Roche,Improved hybrid semantic similarity algorithm for terminology application,2016-08-03,"Université Savoie Mont Blanc, KETRC, Liaocheng University"
Christophe Roche,HOW TO VALUE AND TRANSMIT NUCLEAR INDUSTRY LONG TERM KNOWLEDGE,2005,"EDF, Université Savoie Mont Blanc"
Christophe Roche,Représentations formelles en terminologie,2013-11-08,Université Savoie Mont Blanc
Christophe Roche,Ontoreverse : mieux comprendre les logiciels pour réduire leurs coûts de maintenance,2015-04,Université Savoie Mont Blanc
Christophe Roche,Structuring Humanities’ Data through Formal Domain Ontologies,2018-12-07,Université Savoie Mont Blanc
Christophe Roche,De la définition formelle du concept à la définition en langue du terme,2021,Université Savoie Mont Blanc
Christophe Roche,Conceptualization and term formation: an ontology for chess terminology,2010-08,Université Savoie Mont Blanc
Christophe Roche,From concurrent engineering to collaborative engineering: an agent-oriented approach,1998-04,Université Savoie Mont Blanc
Christophe Roche,TOTh 2013 Proceedings - Terminology & Ontology: Theories and applications,2013-06-06,Université Savoie Mont Blanc
Christophe Roche,Le terme et le concept : fondements d'une ontoterminologie,2007-06-01,Université Savoie Mont Blanc
Kavé Salamatian,Anomaly Extraction in Backbone Networks Using Association Rules,2012-12,"Eidgenössische Technische Hochschule - Swiss Federal Institute of Technology  [Zürich], Université Savoie Mont Blanc"
Kavé Salamatian,A Comprehensive Investigation of User Privacy Leakage to Android Applications,2016-08-01,"China academy of telecommunication research of MIIT, Chinese Academy of Sciences [Changchun Branch], ZhongChuang Telecom Test, Université Savoie Mont Blanc, Institut National de Recherche en Informatique et en Automatique"
Kavé Salamatian,Efficient Traffic Flow Measurement for ISP Networks,2012-10-22,"Chinese Academy of Sciences [Changchun Branch], Hunan University, Université Savoie Mont Blanc"
Kavé Salamatian,Large-scale Measurement Experiments of P2P-TV Systems. Insights on Fairness and Locality,2011-08-01,"National Institute of Informatics, Université Pierre et Marie Curie - Paris 6, The University of Tokyo, The University of Tokyo, Université Pierre et Marie Curie - Paris 6, Université Savoie Mont Blanc, Internet Initiative Japan"
Kavé Salamatian,Faving Reciprocity in Content Sharing Communities A comparative analysis of Flickr and Twitter,2010-08,"Université Pierre et Marie Curie - Paris 6, Université Savoie Mont Blanc"
Kavé Salamatian,Anomaly Extraction in Backbone Networks Using Association Rules,2009-11,"Eidgenössische Technische Hochschule - Swiss Federal Institute of Technology  [Zürich], Université Savoie Mont Blanc"
Kavé Salamatian,"FUTURE INTERNET THEORY, DESIGN AND DEPLOYMENT: FROM SOFTWARE-DEFINED NETWORK TO CLEAN SLATE POST-IP",2014-10,"Chinese Academy of Sciences [Changchun Branch], Université Savoie Mont Blanc, Tsinghua University [Beijing], Huawei Technologies Canada"
Kavé Salamatian,Les nouveaux territoires stratégiques du cyberespace : le cas de la Russie,2017,"Université Paris 8 Vincennes-Saint-Denis, Université Savoie Mont Blanc, Ingenico Group S.A., Université Paris Dauphine-PSL"
Kavé Salamatian,The Geopolitics Behind the Routes Data Travels: a Case Study of Iran,2019-06-24,"Université Paris 8 Vincennes-Saint-Denis, Université Savoie Mont Blanc"
Kavé Salamatian,Index–Trie: Efficient archival and retrieval of network traffic,2017-09,"Chinese Academy of Sciences [Changchun Branch], Université Savoie Mont Blanc, Institut National de Recherche en Informatique et en Automatique, Stony Brook University [SUNY], Queen Mary University of London"
Emmanuel Trouvé,Supervised Classification For Analysis Of Cryospheric Zones Using SAR Statistical Timeseries,2024-07-08,"Université Savoie Mont Blanc, Université Savoie Mont Blanc, Observatoire des Sciences de l'Univers de Grenoble"
Emmanuel Trouvé,Temporal Evolution of X and C Band SAR Backscattering in theMont-Blanc Massif,2023-07-16,"Université Savoie Mont Blanc, Université Savoie Mont Blanc, Observatoire des Sciences de l'Univers de Grenoble"
Emmanuel Trouvé,"Towards a multi-Modal, multi-Temporal and multi-Phenomena dataset for natural phenomena observation through deep learning",2022-10-10,"Université Savoie Mont Blanc, Observatoire des Sciences de l'Univers de Grenoble, Institut polytechnique de Grenoble - Grenoble Institute of Technology, Institut polytechnique de Grenoble - Grenoble Institute of Technology, Institut national des sciences de l'Univers, Institut national de recherche en sciences et technologies pour l'environnement et l'agriculture, Université Savoie Mont Blanc, Université Grenoble Alpes [2016-2019]"
Emmanuel Trouvé,"Analyse de ""Time-Lapse"" stéréo pour la mesure de déformation 3D, application au suivi du glacier d'Argentière",2014-06-30,"Université Savoie Mont Blanc, Université Savoie Mont Blanc, Observatoire des Sciences de l'Univers de Grenoble, Institut National de l'Information Géographique et Forestière [IGN]"
Emmanuel Trouvé,Glacier flow monitoring by digital camera and space-borne SAR images,2012-10-18,"Université Savoie Mont Blanc, Senseor, Télécom ParisTech, Université Savoie Mont Blanc, Observatoire des Sciences de l'Univers de Grenoble"
Emmanuel Trouvé,Analysis of the Temporal Evolution of Ice Aprons in the Mont-Blanc Massif Using X and C-Band SAR Images,2022-06,"Université Savoie Mont Blanc, Observatoire des Sciences de l'Univers de Grenoble, Université Savoie Mont Blanc, Institut national des sciences de l'Univers, Institut de Recherche pour le Développement, Université Toulouse III - Paul Sabatier, Institut national des sciences de l'Univers, Centre National d'Études Spatiales [Toulouse], Météo-France, Météo-France, Observatoire des Sciences de l'Univers de Grenoble, University of Oslo"
Emmanuel Trouvé,CNN Classification of Wet Snow By Physical Snowpack Model Labeling,2023-07-16,"Université Savoie Mont Blanc, Institut national des sciences de l'Univers, Institut de Recherche pour le Développement, Université Toulouse III - Paul Sabatier, Institut national des sciences de l'Univers, Centre National d'Études Spatiales [Toulouse], Météo-France, Météo-France, Institut national des sciences de l'Univers, Institut de Recherche pour le Développement, Université Toulouse III - Paul Sabatier, Institut national des sciences de l'Univers, Centre National d'Études Spatiales [Toulouse], Météo-France, Météo-France, Observatoire des Sciences de l'Univers de Grenoble"
Emmanuel Trouvé,Change detection matrix for multitemporal filtering and change analysis of SAR and PolSAR image time series,2015-06-01,"Université Savoie Mont Blanc, CVGHM, Université Joseph Fourier - Grenoble 1, Institut Français des Sciences et Technologies des Transports, de l'Aménagement et des Réseaux, Institut national des sciences de l'Univers, Institut de recherche pour le développement [IRD] : UR219, PRES Université de Grenoble, Université Savoie Mont Blanc"
Emmanuel Trouvé,Seasonal flow variability of a temperate glacier in the Mont Blanc massif observed by GPS,2011,"Université Joseph Fourier - Grenoble 1, Institut Français des Sciences et Technologies des Transports, de l'Aménagement et des Réseaux, Institut national des sciences de l'Univers, Institut de recherche pour le développement [IRD] : UR219, PRES Université de Grenoble, Université Savoie Mont Blanc, Université Pierre Mendès France - Grenoble 2, Université Stendhal - Grenoble 3, Université Joseph Fourier - Grenoble 1, Institut polytechnique de Grenoble - Grenoble Institute of Technology, Université Pierre Mendès France - Grenoble 2, Université Stendhal - Grenoble 3, Université Joseph Fourier - Grenoble 1, Institut polytechnique de Grenoble - Grenoble Institute of Technology, Université Savoie Mont Blanc"
Emmanuel Trouvé,Displacement measurements,2014-01-31,"Université Savoie Mont Blanc, Université Joseph Fourier - Grenoble 1, Institut Français des Sciences et Technologies des Transports, de l'Aménagement et des Réseaux, Institut national des sciences de l'Univers, Institut de recherche pour le développement [IRD] : UR219, PRES Université de Grenoble, Université Savoie Mont Blanc"
Lionel Valet,Parameter setting support for a 3D images processing systems,2013,Université Savoie Mont Blanc
Lionel Valet,Towards the Supervision of a Fusion System for 3D Image Interpretation,2011-11-22,Université Savoie Mont Blanc
Lionel Valet,Monotonic additive preference model for 3D fusion system parameters adjustment,2014-07-13,Université Savoie Mont Blanc
Lionel Valet,Quality evaluation of insulating parts by fusion of classifiers issued from tomographic images,2008,"Université Savoie Mont Blanc, Université Pierre Mendès France - Grenoble 2, Université Stendhal - Grenoble 3, Université Joseph Fourier - Grenoble 1, Institut polytechnique de Grenoble - Grenoble Institute of Technology, Schneider Electric"
Lionel Valet,Evaluation locale de la performance basée sur un critère Mission/Qualité,2011-09-05,Université Savoie Mont Blanc
Lionel Valet,An attribute fusion system based on the Choquet integral to evaluate the quality of composite parts,2008-04,Université Savoie Mont Blanc
Lionel Valet,Analyse et prétraitement d'un ensemble d'apprentissage dans le cadre d'un système coopératif de classification floue,2006-10,Université Savoie Mont Blanc
Lionel Valet,Interactive learning of implicative fuzzy rules applied to the classification of POLSAR features in the context of Alpine glaciers,2007,"Université Pierre Mendès France - Grenoble 2, Université Stendhal - Grenoble 3, Université Joseph Fourier - Grenoble 1, Institut polytechnique de Grenoble - Grenoble Institute of Technology, Université Savoie Mont Blanc, Université Pierre Mendès France - Grenoble 2, Université Stendhal - Grenoble 3, Université Joseph Fourier - Grenoble 1, Institut polytechnique de Grenoble - Grenoble Institute of Technology"
Lionel Valet,Monotonic additive preference model for 3D fusion system parameters adjustment,2014-07-13,Université Savoie Mont Blanc
Lionel Valet,Feature detection in POLinSAR images by an interactive fuzzy fusion approach. Application to glacier monitoring,2007-01-22,"Université Savoie Mont Blanc, Université Politehnica [Bucarest, Roumanie], Université Pierre Mendès France - Grenoble 2, Université Stendhal - Grenoble 3, Université Joseph Fourier - Grenoble 1, Institut polytechnique de Grenoble - Grenoble Institute of Technology, Télécom ParisTech, Université Pierre Mendès France - Grenoble 2, Université Stendhal - Grenoble 3, Université Joseph Fourier - Grenoble 1, Institut polytechnique de Grenoble - Grenoble Institute of Technology"
Hervé Verjus,IEcons: A New Consensus Approach Using Multi-Text Representations for Clustering Task,2024-05-13,Université Savoie Mont Blanc
Hervé Verjus,Machine Learning for Text Anomaly Detection: A Systematic Review,2023,"Université Savoie Mont Blanc, Cegedim-SRH"
Hervé Verjus,Business Process Flexibility in Service Composition: An Experiment Using a PLM-Based Scenario,2011-02,"Université Joseph Fourier - Grenoble 1, Institut polytechnique de Grenoble - Grenoble Institute of Technology, Institut National Polytechnique de Grenoble, Université Savoie Mont Blanc"
Hervé Verjus,Software Agents for bringing cooperating software-intensive processes under quantitative control using fuzzy sets,1999-05-12,"Université Savoie Mont Blanc, Université de Rennes, Institut National des Sciences Appliquées - Rennes, Université de Bretagne Sud, École normale supérieure - Rennes, Institut National de Recherche en Informatique et en Automatique, CentraleSupélec, IMT Atlantique, Université de Bretagne Sud, Université de Rennes, Institut National des Sciences Appliquées - Rennes, Université de Bretagne Sud, École normale supérieure - Rennes, Institut National de Recherche en Informatique et en Automatique, CentraleSupélec, IMT Atlantique"
Hervé Verjus,A Formal Architecture-Centric Model-Driven Approach for the Automatic Generation of Grid Applications,2006-05,"Université Savoie Mont Blanc, University of the West of England [Bristol], Université de Bretagne Sud"
Hervé Verjus,Classification des précipitations sur les massifs alpins français,2021-09-13,Université Savoie Mont Blanc
Hervé Verjus,Description des services MES et de leurs opérations,2011-02,Université Savoie Mont Blanc
Hervé Verjus,A New Approach for SBPM based on Competencies Management,2018-03-21,"Institut polytechnique de Grenoble - Grenoble Institute of Technology, Université Grenoble Alpes [2016-2019], Université Savoie Mont Blanc"
Hervé Verjus,An Architecture-Centric Approach for Managing the Evolution of EAI Services-Oriented Architecture,2006-05,"Université Savoie Mont Blanc, Université de Bretagne Sud"
Hervé Verjus,Business Process Management for MES Deployment: Some Lessons from a Bearings Manufacturer Experience,2020-08-25,"Université Savoie Mont Blanc, Université Savoie Mont Blanc, NTN-SNR ROULEMENTS [Annecy]"
Flavien Vernier,Predicting Power Consumption Using Machine Learning Techniques,2024-05-27,"Université Savoie Mont Blanc, Université Savoie Mont Blanc, Université de Technologie de Belfort-Montbeliard, Ecole Nationale Supérieure de Mécanique et des Microtechniques, Université de Franche-Comté, American University of Beirut [Beyrouth], Université Savoie Mont Blanc"
Flavien Vernier,How to use the past to face the future?,2020,"École normale supérieure de Lyon, Université Claude Bernard Lyon 1, Institut National de Recherche en Informatique et en Automatique, Université Savoie Mont Blanc, École normale supérieure de Lyon, Université Claude Bernard Lyon 1, Institut National de Recherche en Informatique et en Automatique, Institut National de Recherche en Informatique et en Automatique"
Flavien Vernier,EFIDIR : extraction et fusion d'informations pour la mesure de déplacements par imagerie radar,2011,"Université Savoie Mont Blanc, Télécom ParisTech, Université de Nantes, Université de Rennes, Institut National des Sciences Appliquées - Rennes, CentraleSupélec, Université Pierre Mendès France - Grenoble 2, Université Stendhal - Grenoble 3, Université Joseph Fourier - Grenoble 1, Institut polytechnique de Grenoble - Grenoble Institute of Technology, Université Pierre Mendès France - Grenoble 2, Université Stendhal - Grenoble 3, Université Joseph Fourier - Grenoble 1, Institut polytechnique de Grenoble - Grenoble Institute of Technology, Université Joseph Fourier - Grenoble 1, Institut Français des Sciences et Technologies des Transports, de l'Aménagement et des Réseaux, Institut national des sciences de l'Univers, Institut de recherche pour le développement [IRD] : UR219, PRES Université de Grenoble, Université Savoie Mont Blanc, Institut national des sciences de l'Univers, École normale supérieure - Paris, Université Joseph Fourier - Grenoble 1, Institut Français des Sciences et Technologies des Transports, de l'Aménagement et des Réseaux, Institut national des sciences de l'Univers, Institut de recherche pour le développement [IRD] : UR219, PRES Université de Grenoble, Université Savoie Mont Blanc, Université Joseph Fourier - Grenoble 1, Institut Français des Sciences et Technologies des Transports, de l'Aménagement et des Réseaux, Institut national des sciences de l'Univers, Institut de recherche pour le développement [IRD] : UR219, PRES Université de Grenoble, Université Savoie Mont Blanc, Université de Rennes, Institut National des Sciences Appliquées - Rennes, Ecole Supérieure d'Electricité - SUPELEC (FRANCE)"
Flavien Vernier,A swap randomization approach for mining motion field time series over the Argentiere glacier,2015-07-24,"Université Savoie Mont Blanc, Université Claude Bernard Lyon 1, Institut National des Sciences Appliquées de Lyon, Université Lumière - Lyon 2, École Centrale de Lyon, Université Claude Bernard Lyon 1, Institut National des Sciences Appliquées de Lyon, Université Lumière - Lyon 2, École Centrale de Lyon, Université Claude Bernard Lyon 1, Institut National des Sciences Appliquées de Lyon, Institut National de Recherche en Informatique et en Automatique, Université Claude Bernard Lyon 1, VetAgro Sup - Institut national d'enseignement supérieur et de recherche en alimentation, santé animale, sciences agronomiques et de l'environnement, Université Lumière - Lyon 2, École Centrale de Lyon, Université Claude Bernard Lyon 1, Institut National des Sciences Appliquées de Lyon"
Flavien Vernier,Attempt of alpine glacier flow modeling based on correlation measurements of high resolution SAR images,2013-07-21,"Université de Nantes, Université de Rennes, Institut National des Sciences Appliquées - Rennes, CentraleSupélec, Université Pierre Mendès France - Grenoble 2, Université Stendhal - Grenoble 3, Université Joseph Fourier - Grenoble 1, Institut polytechnique de Grenoble - Grenoble Institute of Technology, Université Pierre Mendès France - Grenoble 2, Université Stendhal - Grenoble 3, Université Joseph Fourier - Grenoble 1, Institut polytechnique de Grenoble - Grenoble Institute of Technology, Université Savoie Mont Blanc"
Flavien Vernier,AN OVERVIEW TO REMOTELY SENSED DISPLACEMENT MEASUREMENTS FUSION: CURRENT STATUS AND CHALLENGES,2016-07-10,"Université Savoie Mont Blanc, University of Edinburgh"
Flavien Vernier,Détection automatique de zones en mouvement dans des séries d’images non recalées: application à la surveillance des mouvements gravitaires,2018,"Université Savoie Mont Blanc, Observatoire des Sciences de l'Univers de Grenoble, Université Savoie Mont Blanc, Tenevia"
Flavien Vernier,Towards a Semantic Model for Wise Systems - A Graph Matching Algorithm,2022-11-12,Université Savoie Mont Blanc
Flavien Vernier,Monitoring rock glacier by optical stereoscopic time-lapse device,2018-06,"Université Savoie Mont Blanc, Observatoire des Sciences de l'Univers de Grenoble, Tenevia, Université Savoie Mont Blanc"
Flavien Vernier,3D displacement retrieval on glacial areas by airborne multi-view photogrammetry,2015-07-22,"Université Savoie Mont Blanc, Observatoire des Sciences de l'Univers de Grenoble, Université Savoie Mont Blanc, Aosta Valley Regional Environmental Protection Agency"
Yajing Yan,Comparison of different incremental assimilation schemes in an operational assimilation system with Ensemble Kalman Filter,2016-04-18,"Université Savoie Mont Blanc, Institut national des sciences de l'Univers, Institut polytechnique de Grenoble - Grenoble Institute of Technology, Institut national des sciences de l'Univers, Institut national de recherche en sciences et technologies pour l'environnement et l'agriculture, Université Savoie Mont Blanc, Université Grenoble Alpes [2016-2019]"
Yajing Yan,Volcano Deformation and Eruption Forecasting using Data Assimilation: Is it Feasible?,2015-10-07,"Université Joseph Fourier - Grenoble 1, Institut Français des Sciences et Technologies des Transports, de l'Aménagement et des Réseaux, Institut national des sciences de l'Univers, Institut de recherche pour le développement [IRD] : UR219, PRES Université de Grenoble, Université Savoie Mont Blanc, Université Savoie Mont Blanc"
Yajing Yan,Improving ice thickness estimation of glaciers using deep learning methods : a case study in the Swiss Alps,2023-05-15,"Université Savoie Mont Blanc, Institut de Recherche pour le Développement, Institut national des sciences de l'Univers, Institut National de Recherche pour l’Agriculture, l’Alimentation et l’Environnement, Observatoire des Sciences de l'Univers de Grenoble, Institut polytechnique de Grenoble - Grenoble Institute of Technology, Institut de Recherche pour le Développement, Institut national des sciences de l'Univers, Université Savoie Mont Blanc, Université Gustave Eiffel, Observatoire des Sciences de l'Univers de Grenoble"
Yajing Yan,Coseismic displacement field and slip distribution of the 2005 Kashmir earthquake from SAR amplitude image correlation and differential interferometry,2013-04-02,"Université Savoie Mont Blanc, Université Joseph Fourier - Grenoble 1, Institut Français des Sciences et Technologies des Transports, de l'Aménagement et des Réseaux, Institut national des sciences de l'Univers, Institut de recherche pour le développement [IRD] : UR219, PRES Université de Grenoble, Université Savoie Mont Blanc, Université Joseph Fourier - Grenoble 1, Institut Français des Sciences et Technologies des Transports, de l'Aménagement et des Réseaux, Institut national des sciences de l'Univers, Institut de recherche pour le développement [IRD] : UR219, PRES Université de Grenoble, Université Savoie Mont Blanc"
Yajing Yan,Combinaison de l'interférométrie différentielle et la corrélation d'amplitude SAR pour la mesure de champs de déplacement: Application au séisme du Pakistan (2005),2010-11,"Université Savoie Mont Blanc, Université Joseph Fourier - Grenoble 1, Institut polytechnique de Grenoble - Grenoble Institute of Technology, Institut national des sciences de l'Univers, Institut national de recherche en sciences et technologies pour l'environnement et l'agriculture, Université Savoie Mont Blanc, Laboratoire Central des Ponts et Chaussées, Institut de Recherche pour le Développement"
Yajing Yan,SAR Offset Tracking,2022-05-29,"Gamma Remote Sensing Research and Consulting AG, Eidgenössische Technische Hochschule - Swiss Federal Institute of Technology  [Zürich], Université Savoie Mont Blanc, Institute of Marine and Atmospheric Research"
Yajing Yan,Ice Aprons in the Mont Blanc Massif (Western European Alps): Topographic Characteristics and Relations with Glaciers and Other Types of Perennial Surface Ice Features,2022-11,"Université Savoie Mont Blanc, Observatoire des Sciences de l'Univers de Grenoble, Université Savoie Mont Blanc, University of Oslo"
Yajing Yan,Integration of Corner Reflectors for the Monitoring of Mountain Glacier Areas with Sentinel-1 Time Series,2019-04-25,"Université Savoie Mont Blanc, Institut National de l'Information Géographique et Forestière [IGN], Institut polytechnique de Grenoble - Grenoble Institute of Technology, Institut National Polytechnique de Grenoble, Université Grenoble Alpes [2016-2019], Institut polytechnique de Grenoble - Grenoble Institute of Technology, Institut National Polytechnique de Grenoble, Université Grenoble Alpes [2016-2019]"
Yajing Yan,Covariance fitting based InSAR Phase Linking,2023-07-17,"ONERA, Université Paris-Saclay, Université Paris Nanterre, ONERA, Université Paris-Saclay, Université Savoie Mont Blanc"
Yajing Yan,Comparison of two methods in multi-temporal differential SAR interferometry: Application to the measurement of Mexico City subsidence,2009-11,"Université Savoie Mont Blanc, Institut national des sciences de l'Univers, École normale supérieure - Paris, Télécom ParisTech, Université Joseph Fourier - Grenoble 1, Institut polytechnique de Grenoble - Grenoble Institute of Technology, Institut national des sciences de l'Univers, Institut national de recherche en sciences et technologies pour l'environnement et l'agriculture, Université Savoie Mont Blanc, Laboratoire Central des Ponts et Chaussées, Institut de Recherche pour le Développement"
