customAuthorName,title_s,publicationDate_s,instStructName_s
Ilham Alloui,"E-alliance, rapport de 1ère année programme thématique région rhône alpes",2001-04,"UR LSTI, Centre G2I, Université Savoie Mont Blanc"
Ilham Alloui,WIoT: Interconnection between Wise Objects and IoT,2018-07-26,"Université Savoie Mont Blanc, Université Savoie Mont Blanc"
Ilham Alloui,Automatic Package Coupling and Cycle Minimization,2009-10,"Université de Lille, Sciences et Technologies, Institut National de Recherche en Informatique et en Automatique, Université de Lille, Sciences Humaines et Sociales, Institut National de Recherche en Informatique et en Automatique, Département d'informatique et de recherche opérationnelle, Université Savoie Mont Blanc"
Ilham Alloui,Tuning a Fuzzy Control System for Software Intensive Processes via Simulation,1999-05,"Université Savoie Mont Blanc, Université de Rennes, Institut National des Sciences Appliquées - Rennes, Université de Bretagne Sud, École normale supérieure - Rennes, Institut National de Recherche en Informatique et en Automatique, Télécom Bretagne, CentraleSupélec"
Ilham Alloui,Supporting Decentralised Software-intensive Processes using Zeta Component-based Architecture Description Language,2002-03,Université Savoie Mont Blanc
Ilham Alloui,e-Alliance: a software infrastructure for concurrent inter-organisational alliances,2002,"Université Savoie Mont Blanc, UR LSTI, Centre G2I"
Ilham Alloui,The Package Blueprint: visually analyzing and quantifying package dependencies,2014-03-10,"Université de Lille, Sciences et Technologies, Institut National de Recherche en Informatique et en Automatique, Université de Lille, Sciences Humaines et Sociales, Institut National de Recherche en Informatique et en Automatique, Université Savoie Mont Blanc, Université de Bordeaux, École Nationale Supérieure d'Électronique, Informatique et Radiocommunications de Bordeaux (ENSEIRB)"
Ilham Alloui,Wise Objects for IoT (WIoT): Software Framework and Experimentation,2019-08-13,Université Savoie Mont Blanc
Ilham Alloui,Software Agents for bringing cooperating software-intensive processes under quantitative control using fuzzy sets,1999-05-12,"Université Savoie Mont Blanc, Université de Rennes, Institut National des Sciences Appliquées - Rennes, Université de Bretagne Sud, École normale supérieure - Rennes, Institut National de Recherche en Informatique et en Automatique, CentraleSupélec, IMT Atlantique, Université de Bretagne Sud, Université de Rennes, Institut National des Sciences Appliquées - Rennes, Université de Bretagne Sud, École normale supérieure - Rennes, Institut National de Recherche en Informatique et en Automatique, CentraleSupélec, IMT Atlantique"
Ilham Alloui,A Graph Matching Algorithm to Extend Software Wise Systems with Human Semantic,2023,"Université Savoie Mont Blanc, Université Savoie Mont Blanc"
Khadija Bousselmi,Predictive Systems for Snow Avalanche Forecasting,2022-05-17,Université Savoie Mont Blanc
Khadija Bousselmi,Deep Reinforcement Learning-based Load Balancer using Kubernetes,2023-09-20,Université Savoie Mont Blanc
Khadija Bousselmi,A Machine Learning Based Decision Support Framework For Big Data Pipeline Modeling And Design,2024,Université Savoie Mont Blanc
Khadija Bousselmi,Big Data Tools: Interoperability Study and Performance Testing,2023-12,École supérieure d'électronique de l'ouest [Angers]
Khadija Bousselmi,Data Warehousing Process Modeling from Classical Approaches to New Trends: Main Features and Comparisons,2022,"Université Savoie Mont Blanc, École supérieure d'électronique de l'ouest [Angers]"
Khadija Bousselmi,A Multi-Layer Modeling for the Generation of New Architectures for Big Data Warehousing,2022-04-13,"University of Tunis El Manar, Université Savoie Mont Blanc, École supérieure d'électronique de l'ouest [Angers]"
Khadija Bousselmi,Combining MLP and Feature Engineering to Predict Avalanche Severity,2023-07-03,Université Savoie Mont Blanc
Khadija Bousselmi,Exploring the Role of Machine Learning in Diagnosing and Treating Speech Disorders: A Systematic Literature Review,2024-05,Université Savoie Mont Blanc
Abdourrahmane Atto,Inverse Formulation of Temporal Closure and Proposed Solutions for Offset Tracking of Natural Scenes,2017-06-27,Université Savoie Mont Blanc
Abdourrahmane Atto,Matrice de Divergences Multi-Temporelles et Analyse des Séries Chronologiques d'Images SAR,2012-06-07,"Université Savoie Mont Blanc, Université Sciences et Technologies - Bordeaux 1, Institut Polytechnique de Bordeaux, Université européenne de Bretagne - European University of Brittany, Télécom Bretagne"
Abdourrahmane Atto,Transformation possibiliste de lois de probabilités elliptiques,2019-11-15,Université Savoie Mont Blanc
Abdourrahmane Atto,"Analyse en Ondelettes et par Paquets d'Ondelettes de Processus Aléatoires Stationnaires, et Application à l'Estimation Non-Paramétrique",2008-09-30,"Université européenne de Bretagne - European University of Brittany, Université de Bretagne Sud, Université de Brest, Télécom Bretagne, Université de Brest"
Abdourrahmane Atto,"Traitement automatique de ""time lapse"" : application à la surveillance de glaciers alpins",2017-06-12,"Université Savoie Mont Blanc, Université Savoie Mont Blanc"
Abdourrahmane Atto,Stochasticity: A Feature for the Structuring of Large and Heterogeneous Image Databases,2013-11-04,"Université Savoie Mont Blanc, Université Sciences et Technologies - Bordeaux 1, Institut Polytechnique de Bordeaux"
Abdourrahmane Atto,SCHATTEN MATRIX NORM BASED POLARIMETRIC SAR DATA REGULARIZATION. APPLICATION OVER CHAMONIX MONT-BLANC,2013-02-22,Université Savoie Mont Blanc
Abdourrahmane Atto,Best Basis for Joint Representation: the Median of Marginal Best Bases for Low Cost Information Exchanges in Distributed Signal Representation,2014-07-03,Université Savoie Mont Blanc
Abdourrahmane Atto,Wavelet Operators and Multiplicative Observation Models -Application to SAR Image Time Series Analysis,2016-07-25,"Université Savoie Mont Blanc, Télécom ParisTech"
Abdourrahmane Atto,Adaptive Multitemporal SAR Image Filtering Based on the Change Detection Matrix,2014-04-08,"Université Savoie Mont Blanc, Télécom ParisTech"
Alexandre Benoit,Algorithmique semi-numérique rapide des séries de Tchebychev,2012-07-18,Institut National de Recherche en Informatique et en Automatique
Alexandre Benoit,IRIM at TRECVID 2015: Semantic Indexing,2015-11,"Commissariat à l'énergie atomique et aux énergies alternatives, Ecole Nationale Supérieure de l'Electronique et de ses Applications, CY Cergy Paris Université, Eurecom [Sophia Antipolis], Université de Bordeaux, École Nationale Supérieure d'Électronique, Informatique et Radiocommunications de Bordeaux (ENSEIRB), Aix Marseille Université, École Centrale de Marseille, Université Pierre Mendès France - Grenoble 2, Université Joseph Fourier - Grenoble 1, Institut polytechnique de Grenoble - Grenoble Institute of Technology, Institut National Polytechnique de Grenoble, Université Pierre Mendès France - Grenoble 2, Université Joseph Fourier - Grenoble 1, Institut polytechnique de Grenoble - Grenoble Institute of Technology, Institut National Polytechnique de Grenoble, Université Lumière - Lyon 2, École Centrale de Lyon, Université Claude Bernard Lyon 1, Institut National des Sciences Appliquées de Lyon, Université Savoie Mont Blanc"
Alexandre Benoit,Retina-Enhanced SURF Descriptors for Semantic Concept Detection in Videos,2012-10-15,"Université Savoie Mont Blanc, Université Pierre Mendès France - Grenoble 2, Université Stendhal - Grenoble 3, Université Joseph Fourier - Grenoble 1, Institut polytechnique de Grenoble - Grenoble Institute of Technology"
Alexandre Benoit,Enhancement of Multi-Valued Images Using PDE Coupling,2011-08,"Université des sciences et de la Technologie d'Oran Mohamed Boudiaf [Oran], Université Savoie Mont Blanc"
Alexandre Benoit,"A biomimetic real time retinal simulation software with non separable spatiotemporal processing, chromaticity and non linear local adaptivity",2007,"Université Pierre Mendès France - Grenoble 2, Université Stendhal - Grenoble 3, Université Joseph Fourier - Grenoble 1, Institut polytechnique de Grenoble - Grenoble Institute of Technology, Université Pierre Mendès France - Grenoble 2, Université Joseph Fourier - Grenoble 1, Université Savoie Mont Blanc"
Alexandre Benoit,Deep learning for semantic segmentation,2021-04-02,"Université Savoie Mont Blanc, Aix Marseille Université, École Centrale de Marseille, CESI : groupe d’Enseignement Supérieur et de Formation Professionnelle"
Alexandre Benoit,Similarity Measurement For Animation Movies,2011-01,"Université Savoie Mont Blanc, Polytechnic University of Bucharest = Université Politehnica de Bucarest = Universitatea POLITEHNICA din București"
Alexandre Benoit,Assistance via IoT Networking cameras and Evidence Theory for 3D Object Instance Recognition: Application for the NAO Humanoid Robot,2020,Université Savoie Mont Blanc
Alexandre Benoit,A Deep Learning-Based Multitasking Model for Hyperspectral Image Analysis using Novel TAIGA Dataset,2024-07-08,"Centre of Studies in Resources Engineering, Indian Institute of Technology Bombay, India, Université Savoie Mont Blanc, Indian Space Research Organisation"
Alexandre Benoit,IRIM at TRECVID 2012: Semantic Indexing and Instance Search,2012-11-26,"Commissariat à l'énergie atomique et aux énergies alternatives, Ecole Nationale Supérieure de l'Electronique et de ses Applications, CY Cergy Paris Université, Eurecom [Sophia Antipolis], Université de Rennes, Institut National des Sciences Appliquées - Rennes, Institut National de Recherche en Informatique et en Automatique, Institut National de Recherche en Informatique et en Automatique, Université de Bordeaux, École Nationale Supérieure d'Électronique, Informatique et Radiocommunications de Bordeaux (ENSEIRB), Université de la Méditerranée - Aix-Marseille 2, Université de Provence - Aix-Marseille 1, Université Pierre Mendès France - Grenoble 2, Université Joseph Fourier - Grenoble 1, Institut polytechnique de Grenoble - Grenoble Institute of Technology, Institut National Polytechnique de Grenoble, Université Pierre Mendès France - Grenoble 2, Université Joseph Fourier - Grenoble 1, Institut polytechnique de Grenoble - Grenoble Institute of Technology, Institut National Polytechnique de Grenoble, Université Paris-Sud - Paris 11, Université Paris-Saclay, Université Paris Saclay (COmUE), Université Pierre et Marie Curie - Paris 6, Université Lumière - Lyon 2, École Centrale de Lyon, Université Claude Bernard Lyon 1, Institut National des Sciences Appliquées de Lyon, Université Lumière - Lyon 2, École Centrale de Lyon, Université Claude Bernard Lyon 1, Institut National des Sciences Appliquées de Lyon, Université Savoie Mont Blanc, Aix Marseille Université, Université de Toulon, Arts et Métiers Paristech ENSAM Aix-en-Provence, Ministère de l'Education nationale, de l’Enseignement supérieur et de la Recherche, Télécom SudParis, Télécom SudParis, Télécom ParisTech, Ecole Nationale Supérieure d'Informatique pour l'Industrie et l'Entreprise, Conservatoire National des Arts et Métiers [CNAM], Ecole Nationale Supérieure d'Informatique pour l'Industrie et l'Entreprise, Conservatoire National des Arts et Métiers [CNAM]"
Éric Benoit,Deux modalités extrême-orientales de la suggestion esthétique: le xing chinois et l'iki japonais,2022,Université Bordeaux Montaigne
Éric Benoit,Poétiques de l'incomplétude en régime d'historicité post-révolutionnaire (XIXe siècle),2024,Université Bordeaux Montaigne
Éric Benoit,"Un vide dans la voix (Baudelaire, Verlaine, Mallarmé)",2008,Université Bordeaux Montaigne
Éric Benoit,De la lecture à l'acte: une problématique théologico-politique et littéraire,2019,Université Bordeaux Montaigne
Éric Benoit,"Mallarmé, Œuvres complètes, tome 1, édition présentée, établie et annotée par Bertrand Marchal, Gallimard, Bibliothèque de la Pléiade, 1998",1999,Université Bordeaux Montaigne
Éric Benoit,Beckett et les hantises d’un autre monde : la littérature aux frontières d’une théologie négative,2006-09,Université Bordeaux Montaigne
Éric Benoit,Littérature et universalité,2018-06-29,Université Bordeaux Montaigne
Éric Benoit,Tensions dans la voix poétique,2014-09-09,Université Bordeaux Montaigne
Éric Benoit,Stèles de paroles (littérature et deuils collectifs),2014,Université Bordeaux Montaigne
Éric Benoit,Mallarmé et le sujet absolu,1996,Université Bordeaux Montaigne
Argheesh Bhanot,Spatially Constrained Online Dictionary Learning for Source Separation,2021-02-17,"École Nationale du Génie de l'Eau et de l'Environnement de Strasbourg, Université de Strasbourg, Université de Strasbourg, Université de Haute-Alsace (UHA) Mulhouse - Colmar, Institut National de la Santé et de la Recherche Médicale, Institut de Chimie - CNRS Chimie, Université de Strasbourg, Université de Haute-Alsace (UHA) Mulhouse - Colmar"
Argheesh Bhanot,Spatially Constrained Online Dictionary Learning for Source Separation,2020-05-28,"École Nationale du Génie de l'Eau et de l'Environnement de Strasbourg, Université de Strasbourg, Université de Strasbourg, Université de Haute-Alsace (UHA) Mulhouse - Colmar, Institut National de la Santé et de la Recherche Médicale, Institut de Chimie - CNRS Chimie, Université de Strasbourg, Université de Haute-Alsace (UHA) Mulhouse - Colmar"
Argheesh Bhanot,Spatially constrained dictionary learning for source separation,2021-07-05,"École Nationale du Génie de l'Eau et de l'Environnement de Strasbourg, Université de Strasbourg, Université de Strasbourg, Université de Haute-Alsace (UHA) Mulhouse - Colmar, Institut National de la Santé et de la Recherche Médicale, Institut de Chimie - CNRS Chimie, Université de Strasbourg, Université de Haute-Alsace (UHA) Mulhouse - Colmar"
Argheesh Bhanot,Modélisation parcimonieuse de la dynamique spatio-temporelle de la connectivité fonctionnelle en IRMf cérébrale,2022-01,"École Nationale du Génie de l'Eau et de l'Environnement de Strasbourg, Université de Strasbourg, Université de Strasbourg, Université de Haute-Alsace (UHA) Mulhouse - Colmar, Institut National de la Santé et de la Recherche Médicale, Institut de Chimie - CNRS Chimie, Université de Strasbourg, Université de Haute-Alsace (UHA) Mulhouse - Colmar"
Argheesh Bhanot,Effet du Filtrage sur l'Evaluation de la Connectivité Fonctionnelle Dynamique et Application sur des Données d'IRMs Fonctionnelles de Rats,2022-09-06,"Institut polytechnique de Grenoble - Grenoble Institute of Technology, Institut polytechnique de Grenoble - Grenoble Institute of Technology, Institut National de la Santé et de la Recherche Médicale, École Nationale du Génie de l'Eau et de l'Environnement de Strasbourg, Université de Strasbourg, Université de Strasbourg, Université de Haute-Alsace (UHA) Mulhouse - Colmar, Institut National de la Santé et de la Recherche Médicale, Institut de Chimie - CNRS Chimie, Université de Strasbourg, Université de Haute-Alsace (UHA) Mulhouse - Colmar"
Argheesh Bhanot,"OPTICAL MONITORING OF AVALANCHE REALEASE ZONES IN BESSANS, HAUTE MAURIENNE VALLEY, FRANCE, WITH A REMOTE AND ENERGY SELF-SUFFICIENT CAMERA SYSTEM",2024-09-23,"Université Savoie Mont Blanc, Avalanches : Localisation, Etudes, Actions, GEOPREVENT, Conseil Départemental de Savoie"
Argheesh Bhanot,Effet du filtrage sur l'évaluation de la connectivité fonctionnelle dynamique et application sur des données d'IRMs fonctionnelles de rats,2022-09-09,"Institut polytechnique de Grenoble - Grenoble Institute of Technology, Institut polytechnique de Grenoble - Grenoble Institute of Technology, Institut National de la Santé et de la Recherche Médicale, École Nationale du Génie de l'Eau et de l'Environnement de Strasbourg, Université de Strasbourg, Université de Strasbourg, Université de Haute-Alsace (UHA) Mulhouse - Colmar, Institut National de la Santé et de la Recherche Médicale, Institut de Chimie - CNRS Chimie, Université de Strasbourg, Université de Haute-Alsace (UHA) Mulhouse - Colmar"
Julien Boissière,Application and evaluation of sentence embedding and clustering methods in the context of concept hierarchy construction,2023-09-06,Université Savoie Mont Blanc
Julien Boissière,A column generation-based approach for partitioning with equity constraint: application to school canteen meat supply,2014-05-02,"Université Joseph Fourier - Grenoble 1, Institut polytechnique de Grenoble - Grenoble Institute of Technology, Institut National Polytechnique de Grenoble, Université Savoie Mont Blanc"
Julien Boissière,Specific Left Ventricular Twist-Untwist Mechanics during Exercise in Children,2013-11,"Avignon Université, Avignon Université"
Julien Boissière,Service Network Design in Short and Local Fresh Food Supply Chain,2013,"Université Joseph Fourier - Grenoble 1, Institut polytechnique de Grenoble - Grenoble Institute of Technology, Institut National Polytechnique de Grenoble, Université Savoie Mont Blanc"
Julien Boissière,Decision alignment within supply chain: from a customer/supplier system towrd a multi-echelon model,2014-11-05,"Université Joseph Fourier - Grenoble 1, Institut polytechnique de Grenoble - Grenoble Institute of Technology, Institut National Polytechnique de Grenoble, Université Savoie Mont Blanc"
Julien Boissière,Carbon monoxide exposure enhances arrhythmia after cardiac stress: involvement of oxidative stress,2011-11,"Institut National de la Santé et de la Recherche Médicale, Université de Montpellier, Avignon Université, Hôpital Lapeyronie [CHU Montpellier], Université de Montpellier, Institut National de la Recherche Agronomique, Université de Montpellier, Avignon Université, Université Montpellier 1, Université Montpellier 1, Institut National de la Santé et de la Recherche Médicale"
Julien Boissière,Lecture Alternative Pour Mettre en OEuvre le Supply Chain Management,2015-03-17,"groupe de recherche en management et système d'information, Université Savoie Mont Blanc, Université Savoie Mont Blanc"
Julien Boissière,Maturité des équipes dans les démarches de progrès : de quoi parle-t-on ?,2023-06-07,"Université Savoie Mont Blanc, Université Savoie Mont Blanc"
Julien Boissière,Carbon monoxide pollution aggravates ischemic heart failure through oxidative stress pathway,2017,"Avignon Université, Université Montpellier 1, Institut National de la Santé et de la Recherche Médicale, Institut National de la Santé et de la Recherche Médicale, Université de Montpellier, Institut National de la Recherche Agronomique, Université de Montpellier, Université Montpellier 1, Institut Universitaire de Recherche Clinique"
Julien Boissière,Specific Left Ventricular Twist-Untwist Mechanics during Exercise in Children,2013-11,Avignon Université
Philippe Bolon,High Resolution SAR Interferometry: influence of local topography in the context of glacier monitoring,2006-07-24,"Université Savoie Mont Blanc, Université Politehnica [Bucarest, Roumanie], Université Joseph Fourier - Grenoble 1, Institut National Polytechnique de Grenoble, EC ARCHIT NANCY, EC ARCHIT TOULOUSE, EC ARCHIT MARSEILLE, EC ARCHIT LYON, Télécom ParisTech"
Philippe Bolon,A Fast and Accurate Rule-Base Generation Method for Mamdani Fuzzy Systems,2018-04-01,Université Savoie Mont Blanc
Philippe Bolon,MEGATOR : premiers résultats en photogrammétrie et interférométrie RSO,2005-11,"Université Savoie Mont Blanc, EC ARCHIT NANCY, EC ARCHIT TOULOUSE, EC ARCHIT MARSEILLE, EC ARCHIT LYON"
Philippe Bolon,Rectification radar de données géoréférencées : application à l'analyse de données dans les régions de haute montagne,2007,"Université Savoie Mont Blanc, Université Pierre Mendès France - Grenoble 2, Université Stendhal - Grenoble 3, Université Joseph Fourier - Grenoble 1, Institut polytechnique de Grenoble - Grenoble Institute of Technology, Université Pierre Mendès France - Grenoble 2, Université Stendhal - Grenoble 3, Université Joseph Fourier - Grenoble 1, Institut polytechnique de Grenoble - Grenoble Institute of Technology, EC ARCHIT NANCY, EC ARCHIT TOULOUSE, EC ARCHIT MARSEILLE, EC ARCHIT LYON"
Philippe Bolon,Best Basis for Joint Representation: the Median of Marginal Best Bases for Low Cost Information Exchanges in Distributed Signal Representation,2014-07-03,Université Savoie Mont Blanc
Philippe Bolon,A Linear-Complexity Rule Base Generation Method for Fuzzy Systems,2015-07,Université Savoie Mont Blanc
Philippe Bolon,High Resolution SAR Interferometry: influence of local topography in the context of glacier monitoring,2006-07-24,"Université Joseph Fourier - Grenoble 1, Institut National Polytechnique de Grenoble, Université Savoie Mont Blanc, Université Politehnica [Bucarest, Roumanie], EC ARCHIT NANCY, EC ARCHIT TOULOUSE, EC ARCHIT MARSEILLE, EC ARCHIT LYON, Télécom ParisTech"
Philippe Bolon,Simplified Model of Intercomprehension,2023-07-03,Université Savoie Mont Blanc
Philippe Bolon,Spatio-Temporal Mining of PolSAR Satellite Image Time Series,2010-07-02,"Université Savoie Mont Blanc, Université Politehnica [Bucarest, Roumanie], Université Lumière - Lyon 2, École Centrale de Lyon, Université Claude Bernard Lyon 1, Institut National des Sciences Appliquées de Lyon, Université Lumière - Lyon 2, École Centrale de Lyon, Université Claude Bernard Lyon 1, Institut National des Sciences Appliquées de Lyon, Institut National de Recherche en Informatique et en Automatique, Télécom ParisTech, Université Pierre Mendès France - Grenoble 2, Université Stendhal - Grenoble 3, Université Joseph Fourier - Grenoble 1, Institut polytechnique de Grenoble - Grenoble Institute of Technology, Université Pierre Mendès France - Grenoble 2, Université Stendhal - Grenoble 3, Université Joseph Fourier - Grenoble 1, Institut polytechnique de Grenoble - Grenoble Institute of Technology, Université de Rennes, Institut National des Sciences Appliquées - Rennes, Ecole Supérieure d'Electricité - SUPELEC (FRANCE), Université de Nantes, Université de Rennes, Institut National des Sciences Appliquées - Rennes, CentraleSupélec"
Philippe Bolon,Feature detection in POLinSAR images by an interactive fuzzy fusion approach. Application to glacier monitoring,2007-01-22,"Université Savoie Mont Blanc, Université Politehnica [Bucarest, Roumanie], Université Pierre Mendès France - Grenoble 2, Université Stendhal - Grenoble 3, Université Joseph Fourier - Grenoble 1, Institut polytechnique de Grenoble - Grenoble Institute of Technology, Télécom ParisTech, Université Pierre Mendès France - Grenoble 2, Université Stendhal - Grenoble 3, Université Joseph Fourier - Grenoble 1, Institut polytechnique de Grenoble - Grenoble Institute of Technology"
Reda Boukezzoula,Fuzzy Adaptive Linearizing Control for Non-affine Systems,2003-05,Université Savoie Mont Blanc
Reda Boukezzoula,Apprentissage de lois de commande floues pour des systèmes non linéaires (synthèse directe et indirecte),1998-11,Université Savoie Mont Blanc
Reda Boukezzoula,"A Mathematical Model for HVLV Systems Scheduling and Optimization With Periodic Preventive Maintenance Using (max, +) Algebra",2012-05-23,"Université Savoie Mont Blanc, Université Savoie Mont Blanc"
Reda Boukezzoula,A Decision-Making Computational Methodology for a Class of Type-2 Fuzzy Intervals: An Interval-Based Approach,2020,Université Savoie Mont Blanc
Reda Boukezzoula,Fuzzy nonlinear adaptive internal model control (FNAIMC) part I: Fuzzy model identification,1999-08,Université Savoie Mont Blanc
Reda Boukezzoula,An Educational Tool for Fuzzy Control,2006,Université Savoie Mont Blanc
Reda Boukezzoula,Fuzzy Nonlinear Adaptive Internal Model Control (FNAIMC),2001,Université Savoie Mont Blanc
Reda Boukezzoula,Min and Max Operators for Gradual Intervals,2018,Université Savoie Mont Blanc
Reda Boukezzoula,Inverse Controller Design for Interval Fuzzy Systems,2006,Université Savoie Mont Blanc
Reda Boukezzoula,"Fuzzy Control of Fuzzy Interval Systems, Part II: Application to Inverse Model Based Control",2004-07,Université Savoie Mont Blanc
Sorana Cimpan,Towards Software Architecture Physiology: Identifying Vital Component,2008-02-18,Université Savoie Mont Blanc
Sorana Cimpan,Gestion des architectures évolutives dans ArchWare,2006-09,"Université Savoie Mont Blanc, Université de Bretagne Sud"
Sorana Cimpan,Software Agents for bringing cooperating software-intensive processes under quantitative control using fuzzy sets,1999-05-12,"Université Savoie Mont Blanc, Université de Rennes, Institut National des Sciences Appliquées - Rennes, Université de Bretagne Sud, École normale supérieure - Rennes, Institut National de Recherche en Informatique et en Automatique, CentraleSupélec, IMT Atlantique, Université de Bretagne Sud, Université de Rennes, Institut National des Sciences Appliquées - Rennes, Université de Bretagne Sud, École normale supérieure - Rennes, Institut National de Recherche en Informatique et en Automatique, CentraleSupélec, IMT Atlantique"
Sorana Cimpan,Application and evaluation of sentence embedding and clustering methods in the context of concept hierarchy construction,2023-09-06,Université Savoie Mont Blanc
Sorana Cimpan,Software System Understanding via Architectural Views Extraction According to Multiple Viewpoints,2009-11,"Université Savoie Mont Blanc, Université de Lille, Sciences et Technologies, Institut National de Recherche en Informatique et en Automatique, Université de Lille, Sciences Humaines et Sociales, Institut National de Recherche en Informatique et en Automatique"
Sorana Cimpan,On the Application of Fuzzy Sets Theory on the Monitoring of Software-Intensive Processes,1999-08-17,"Université Savoie Mont Blanc, Université de Rennes, Institut National des Sciences Appliquées - Rennes, Université de Bretagne Sud, École normale supérieure - Rennes, Institut National de Recherche en Informatique et en Automatique, CentraleSupélec, IMT Atlantique, Université de Bretagne Sud, Université de Rennes, Institut National des Sciences Appliquées - Rennes, Université de Bretagne Sud, École normale supérieure - Rennes, Institut National de Recherche en Informatique et en Automatique, CentraleSupélec, IMT Atlantique"
Sorana Cimpan,Student-Centered Personalization of Individual Education Through Reusable and Autonomous Learning Units - The SPIRAL Model,2024-07-13,"Université Savoie Mont Blanc, Università degli studi di Torino = University of Turin"
Sorana Cimpan,A Fuzzy Sets based Mechanism allowing the Tuning of a Software Intensive Process Control System via Multiple Simulations,1999-05,"Université Savoie Mont Blanc, Université de Rennes, Institut National des Sciences Appliquées - Rennes, Université de Bretagne Sud, École normale supérieure - Rennes, Institut National de Recherche en Informatique et en Automatique, Télécom Bretagne, CentraleSupélec"
Sorana Cimpan,Formalization of an HCI Style for Accelerator Restart Monitorin,2004-05-21,"Université Savoie Mont Blanc, Université de Rennes, Institut National des Sciences Appliquées - Rennes, Université de Bretagne Sud, École normale supérieure - Rennes, Institut National de Recherche en Informatique et en Automatique, CentraleSupélec, IMT Atlantique, Université de Bretagne Sud, Université de Rennes, Institut National des Sciences Appliquées - Rennes, Université de Bretagne Sud, École normale supérieure - Rennes, Institut National de Recherche en Informatique et en Automatique, CentraleSupélec, IMT Atlantique"
Sorana Cimpan,"Alliance: A Software Framework for Software-Intensive Process Modeling, Enactment and Fuzzy Control",2001,Université Savoie Mont Blanc
Didier Coquin,Evaluation locale de la performance basée sur un critère Mission/Qualité,2011-09-05,Université Savoie Mont Blanc
Didier Coquin,A Global System for Avalanche Risk Assessment,2022-06-15,Université Savoie Mont Blanc
Didier Coquin,Fusion method choice driven by user constraints in a human gesture recognition context,2015-06,Université Savoie Mont Blanc
Didier Coquin,Color Recognition for NAO Robot Using Sugeno Fuzzy System and Evidence Theory,2015-07-03,Université Savoie Mont Blanc
Didier Coquin,Dynamic Hand Gesture Recognition Using the Skeleton of the Hand,2005-01,"Polytechnic University of Bucharest = Université Politehnica de Bucarest = Universitatea POLITEHNICA din București, Université Savoie Mont Blanc"
Didier Coquin,Application of Baddeley's distance to dissimilarity measurement between gray scale images,2001,Université Savoie Mont Blanc
Didier Coquin,Thick Fuzzy Sets (TFSs) and Their Potential Use in Uncertain Fuzzy Computations and Modeling,2021-11,"Université Savoie Mont Blanc, École Nationale d'Ingénieurs de Brest, Université de Bretagne Sud, Université de Brest, École Nationale Supérieure de Techniques Avancées Bretagne, IMT Atlantique, École Nationale Supérieure de Techniques Avancées Bretagne"
Didier Coquin,"L’analyse multi-capteurs, un enjeu pour une connaissance plus précise des échantillons",2019-03-14,"Université Savoie Mont Blanc, Observatoire des Sciences de l'Univers de Grenoble, Université Savoie Mont Blanc, Université de Caen Normandie, Institut national des sciences de l'Univers, Université de Rouen Normandie"
Didier Coquin,A Multilevel Clustering Method for Risky Areas in the Context of Avalanche Danger Management,2022-07-04,Université Savoie Mont Blanc
Didier Coquin,"Système d’aide à la reconnaissance d’espèces d’arbres à partir d’une base de connaissance incomplète, partielle et conflictuelle",2016-11,Université Savoie Mont Blanc
Vincent Couturier,Engineering agent-based information systems: a case study of automatic contract net systems,2010-06-08,Université Savoie Mont Blanc
Vincent Couturier,Patterns for Agent-Based Information Systems: A Case Study in Transport,2012-05-30,Université Savoie Mont Blanc
Vincent Couturier,Can Styles Improve Architectural Reuse ?,2008-02-18,Université Savoie Mont Blanc
Vincent Couturier,Patterns d'analyse pour l'ingénierie des systèmes multi-agents,2010-10-18,Université Savoie Mont Blanc
Vincent Couturier,Patterns d'Analyse pour l'Ingénierie de Systèmes d'Information à base d'Agents : Une Application au Domaine du Transport,2011-05-24,Université Savoie Mont Blanc
Luc Damas,Construction of a concept-hierarchy: An automatic process using semantic and linguistic tools,2023-06-01,Université Savoie Mont Blanc
Luc Damas,Alter-ego : évaluation d'un assistant de remémoration,2004,"Université Lumière - Lyon 2, École Centrale de Lyon, Université Claude Bernard Lyon 1, Institut National des Sciences Appliquées de Lyon, Université Lumière - Lyon 2"
Luc Damas,Multilingual Thesaurus: The Ontoterminology Approach,2014-09-06,Université Savoie Mont Blanc
Luc Damas,Ontoterminology: A new paradigm for terminology,2009,"Université Savoie Mont Blanc, Université Sorbonne Nouvelle - Paris 3, Université Paris Diderot - Paris 7, Chercheur indépendant"
Luc Damas,Prendre en compte les comportements cognitifs des apprenants dans la conception de systèmes d'assistance à l'apprentissage,2002-11-13,"Institut National des Sciences Appliquées de Lyon, Université Lumière - Lyon 2"
Luc Damas,CBR for recollection assistance: CBR cycle revisited in a particular context,2003-06,"Université Lumière - Lyon 2, École Centrale de Lyon, Université Claude Bernard Lyon 1, Institut National des Sciences Appliquées de Lyon"
Luc Damas,Définition du terme vs. définition du concept : pour une diversité langagière et une conceptualisation commune.,2009,"Université Sorbonne Nouvelle - Paris 3, Université Paris Diderot - Paris 7, Université Savoie Mont Blanc"
Luc Damas,Recollection Assistance in Learning Tasks,2003-07-20,"Université Lumière - Lyon 2, École Centrale de Lyon, Université Claude Bernard Lyon 1, Institut National des Sciences Appliquées de Lyon"
Luc Damas,Application and evaluation of sentence embedding and clustering methods in the context of concept hierarchy construction,2023-09-06,Université Savoie Mont Blanc
Luc Damas,Multilingual Thesaurus: The Ontoterminology Approach,2014-09-06,Université Savoie Mont Blanc
Yves Dumond,BAAL: an agent-oriented language for modelling and simulation,1996-10,Université Savoie Mont Blanc
Yves Dumond,Ontoreverse : mieux comprendre les logiciels pour réduire leurs coûts de maintenance,2015-04,Université Savoie Mont Blanc
Yves Dumond,Combining shape-based and raster-based approaches for forest fires simulation,2023-10-24,Université Savoie Mont Blanc
Yves Dumond,A relationship between Sequence and statechart diagrams,2000-10,"Université Savoie Mont Blanc, Université de Rennes, Institut National des Sciences Appliquées - Rennes, Université de Bretagne Sud, École normale supérieure - Rennes, Institut National de Recherche en Informatique et en Automatique, Télécom Bretagne, CentraleSupélec"
Yves Dumond,From forest firefighting doctrine to digital battlefield: a case study,2015-06,Université Savoie Mont Blanc
Yves Dumond,Forest fire growth modelling with geographical information fusion,2008-07,Université Savoie Mont Blanc
Yves Dumond,An applied step in forest fire spread modelling,2009-06,Université Savoie Mont Blanc
Yves Dumond,Application of Graph transformations to declarative knowledge bases,1996,"Université Savoie Mont Blanc, Université de la Méditerranée - Aix-Marseille 2"
Yves Dumond,Une démarche ontoterminologique pour la rétro-ingénierie de logiciels,2015-06-10,"Université Savoie Mont Blanc, IRISBUS France"
Yves Dumond,Forest Fire Spread Modelling In Practice,2016-10,Université Savoie Mont Blanc
Laurent Foulloy,Diagnostic Algorithm applied to an Automotive Engine,1998-07,Université Savoie Mont Blanc
Laurent Foulloy,Fuzzy Implications Handling Fault Detection and Isolation Problems,1998-09,Université Savoie Mont Blanc
Laurent Foulloy,Towards a Safe Design of CANopen Distributed Instruments,2006,Université Savoie Mont Blanc
Laurent Foulloy,Fuzzy linguistic methods for the aggregation of complementary sensor information,1998,Université Savoie Mont Blanc
Laurent Foulloy,Fuzzy clustering for color recognition application to image understanding,1996-09,Université Savoie Mont Blanc
Laurent Foulloy,Symbolic sensors,1991-09,Université Savoie Mont Blanc
Laurent Foulloy,The role of fuzzy scales in measurement theory,2013-05-21,Université Savoie Mont Blanc
Laurent Foulloy,Classifications floues pour la reconnaissance des couleurs,1995-11,Université Savoie Mont Blanc
Laurent Foulloy,Fuzzy Sensors for the Fusion of Information,1994-09,Université Savoie Mont Blanc
Laurent Foulloy,How a man and a laser can learn mutually,1986-06,"Université Savoie Mont Blanc, Université Paris-Sud - Paris 11"
Sylvie Galichet,Simultaneous learning of rules and linguistic terms,1996-09,Université Savoie Mont Blanc
Sylvie Galichet,On Joint Parameterizations of Linear and Nonlinear Functionals in Neural Networks,2023-03,"Université Savoie Mont Blanc, École Nationale d'Ingénieurs de Brest, Université de Bretagne Sud, Université de Brest, École Nationale Supérieure de Techniques Avancées Bretagne, IMT Atlantique, IMT Atlantique"
Sylvie Galichet,Opérateurs Min et Max pour intervalles graduels,2018-11,Université Savoie Mont Blanc
Sylvie Galichet,"Words or numbers, Mamdani or Sugeno fuzzy systems: a comparative study",2006-07,Université Savoie Mont Blanc
Sylvie Galichet,Mould Pouring Control based on Absorption Capacity Identification,2007-10,Université Savoie Mont Blanc
Sylvie Galichet,"De la régression floue conventionnelle à la régression graduelle : Analyse, réflexion et perspectives. Partie 1 : vision intervalliste",2017-10,Université Savoie Mont Blanc
Sylvie Galichet,Fuzzy Controllers: Synthesis and Equivalences,1995,Université Savoie Mont Blanc
Sylvie Galichet,Fuzzy Sensor for Fuzzy Control,1994,Université Savoie Mont Blanc
Sylvie Galichet,"Fuzzy Control of Fuzzy Interval Systems, Part I: Solving First Order Fuzzy Equations",2004-07,Université Savoie Mont Blanc
Sylvie Galichet,Application of Fuzzy Logic Control for Continuous Casting Mold Level Control,1998,Université Savoie Mont Blanc
Guillaume Ginolhac,Robust Geometric Metric Learning,2022,"ONERA, CentraleSupélec, Université Paris-Saclay, Université Paris Nanterre, Université Savoie Mont Blanc, ONERA, Université Paris-Saclay"
Guillaume Ginolhac,ON THE USE OF GEODESIC TRIANGLES BETWEEN GAUSSIAN DISTRIBUTIONS FOR CLASSIFICATION PROBLEMS,2022-05-22,"ONERA, CentraleSupélec, Université Paris-Saclay, CentraleSupélec, Université Paris-Saclay, Université Savoie Mont Blanc, Université Paris Nanterre, ONERA, Université Paris-Saclay"
Guillaume Ginolhac,Back Projection Version of Subspace Detector SAR Processors,2011-04,"ONERA, CentraleSupélec, Université Paris Saclay (COmUE), Université Paris Nanterre, École normale supérieure - Cachan, Université Paris-Sud - Paris 11, Institut Français des Sciences et Technologies des Transports, de l'Aménagement et des Réseaux, École normale supérieure - Rennes, Université de Cergy Pontoise, Conservatoire National des Arts et Métiers [CNAM]"
Guillaume Ginolhac,Développement de Filtres STAP Tensoriels Appliqués à des Données Multidimensionnelles,2011-09,"École normale supérieure - Cachan, Université Paris-Sud - Paris 11, Institut Français des Sciences et Technologies des Transports, de l'Aménagement et des Réseaux, École normale supérieure - Rennes, Université de Cergy Pontoise, Conservatoire National des Arts et Métiers [CNAM], ONERA, CentraleSupélec, Université Paris Saclay (COmUE)"
Guillaume Ginolhac,New Polarimetric signal subspace detectors for SAR processors,2009,"ONERA, CentraleSupélec, Université Paris Saclay (COmUE), École normale supérieure - Cachan, Université Paris-Sud - Paris 11, Institut Français des Sciences et Technologies des Transports, de l'Aménagement et des Réseaux, École normale supérieure - Rennes, Université de Cergy Pontoise, Conservatoire National des Arts et Métiers [CNAM]"
Guillaume Ginolhac,A Robust Change Detector for Highly Heterogeneous Multivariate Images,2018-04-15,"ONERA, CentraleSupélec, Université Paris Saclay (COmUE), ONERA, Université Paris Saclay (COmUE), Université Savoie Mont Blanc"
Guillaume Ginolhac,Random matrix theory applied to low rank STAP detection,2013-06-10,"ONERA, CentraleSupélec, Université Paris Saclay (COmUE), Université Savoie Mont Blanc"
Guillaume Ginolhac,Passive Bistatic Radar Imagery of Targets Modelled by NEC..,2004,Université Paris Nanterre
Guillaume Ginolhac,Robust rank constrained kronecker covariance matrix estimation,2016,"Université Paris Nanterre, Center for Condensed Matter and Materials Physics, Department of Physics, Beihang University, Beijing, Hong Kong University of Science and Technology, Université Savoie Mont Blanc"
Guillaume Ginolhac,Riemannian geometry for compound Gaussian distributions: Application to recursive change detection,2020-11,"Université Savoie Mont Blanc, ONERA, CentraleSupélec, Université Paris-Saclay, Université Sciences et Technologies - Bordeaux 1, Institut Polytechnique de Bordeaux"
Patrick Lambert,"The GR3D model, a tool to explore the Global Repositioning Dynamicsof Diadromous fish Distribution",2014,"Institut national de recherche en sciences et technologies pour l'environnement et l'agriculture, Institut national de recherche en sciences et technologies pour l'environnement et l'agriculture"
Patrick Lambert,Metabolic loss of mass in glass eels at different salinities according to their propensity to migrate,2011,"Institut National de la Recherche Agronomique, Université de Pau et des Pays de l'Adour, Institut national de recherche en sciences et technologies pour l'environnement et l'agriculture"
Patrick Lambert,Mapping Rm2 gene conferring resistance to the green peach aphid (Myzus persicae Sulzer) in the peach cultivar “Rubira®”,2011,Institut National de la Recherche Agronomique
Patrick Lambert,Synthèse des concepts de modélisation du phénomène de migration des civelles d'Anguilla anguilla en estuaire,1994,"Centre national du machinisme agricole, du génie rural, des eaux et forêts"
Patrick Lambert,"Effect of straying, reproductive strategies, and ocean distribution on the structure of American shad populations",2023-12-14,"Institut National de Recherche pour l’Agriculture, l’Alimentation et l’Environnement, University of Massachusetts [Amherst], SUNY College of Environmental Science and Forestry, RAMBOLL, University of North Carolina [Chapel Hill], Gomez and Sullivan, State University of New York at Oneonta, Queens College [CUNY], University of Maine"
Patrick Lambert,An evidence base of ecosystems services provided by diadromous fish in the European Atlantic Area,2023-12,"Plymouth University, AZTI - Tecnalia, Centre for Environment, Fisheries and Aquaculture Science [Lowestoft], University of Santiago de Compostela, Institut National de Recherche pour l’Agriculture, l’Alimentation et l’Environnement"
Patrick Lambert,Fish distribution's shifts due to climate change in the Northeast Atlantic: using a hierarchical filtering approach on marine-estuarine opportunist species|,2023-07-24,"Institut National de Recherche pour l’Agriculture, l’Alimentation et l’Environnement, Farallon Institute for Advanced Ecosystem Research, Fondazione Centro Euro-Mediterraneo Sui Cambiamenti Climatici, Centro Euro-Mediterraneo per i Cambiamenti Climatici [Bologna]"
Patrick Lambert,STUDIES AND PILOT PROJECTS FOR CARRYING OUT THE COMMON FISHERIES POLICY LOT 2: Pilot projects to estimate potential and actual escapement of silver eel,2011-10,"Centre for Environment, Fisheries and Aquaculture Science [Lowestoft], AZTI - Tecnalia, Environment Agency Wales (UNITED KINGDOM), Università degli studi di Parma = University of Parma, Institution d'aménagement de la Vilaine, C.R.R.eA. soc coop a.r.l., Via Mameli 115, 09123 Cagliari, Marine Institute [Ireland], Institute for Marine Resources and Ecosystem Studies, Institute of Inland Fisheries Potsdam-Sacrow, Centre national du machinisme agricole, du génie rural, des eaux et forêts, Marine Institute, Newport, Co. Mayo, Institute of Baltic Sea Fisheries, Alter Hafen Süd 2, 18069 Rostock, Germany, Dipartimento di Elettronica e Informazione Politecnico di Milano, via Ponzio 34|5, Milano, I-20133 Italy"
Patrick Lambert,Modelling the Future of Stocked Fish: chap. 30,2011,"Centre national du machinisme agricole, du génie rural, des eaux et forêts, Institut national de recherche en sciences et technologies pour l'environnement et l'agriculture, Institut national de recherche en sciences et technologies pour l'environnement et l'agriculture, Institut national de recherche en sciences et technologies pour l'environnement et l'agriculture"
Patrick Lambert,Science for glass eel fisheries management: How to define TAC in France?,2014,"Agence Française pour la Biodiversité, Institut National de la Recherche Agronomique, Ministère de l'écologie, du développement durable et de l'énergie, Institut national de recherche en sciences et technologies pour l'environnement et l'agriculture, Institut National de la Recherche Agronomique, Université de Pau et des Pays de l'Adour"
Antoine Lavault,SUBJECTIVE EVALUATION OF SOUND QUALITY AND CONTROL OF DRUM SYNTHESIS WITH STYLEWAVEGAN,2022-09-06,"Apeira Technologies, Institut de Recherche et Coordination Acoustique|Musique"
Antoine Lavault,Generative Adversarial Networks for Synthesis and Control of Drum Sounds,2023-12-08,Institut de Recherche et Coordination Acoustique|Musique
Antoine Lavault,STYLEWAVEGAN: STYLE-BASED SYNTHESIS OF DRUM SOUNDS WITH EXTENSIVE CONTROLS USING GENERATIVE ADVERSARIAL NETWORKS,2022-06-07,"Institut de Recherche et Coordination Acoustique|Musique, Apeira Technologies"
Antoine Lavault,StyleWaveGAN: Style-based synthesis of drum sounds using generative adversarial networks for higher audio quality,2022-08,"Apeira Technologies, Institut de Recherche et Coordination Acoustique|Musique"
Faiza Loukil,Data Distribution Impact on Preserving Privacy in Centralized and Decentralized Learning,2023-07-12,Université Savoie Mont Blanc
Faiza Loukil,Early Detection of Diabetes Mellitus Using Differentially Private SGD in Federated Learning,2022-12-05,"Université de Sfax, Université Savoie Mont Blanc"
Faiza Loukil,Machine Learning for Text Anomaly Detection: A Systematic Review,2023,"Université Savoie Mont Blanc, Cegedim-SRH"
Faiza Loukil,LIoPY: A legal compliant ontology to preserve privacy for the Internet of Things,2018-07-23,"Université Lumière - Lyon 2, École Centrale de Lyon, Université Claude Bernard Lyon 1, Institut National des Sciences Appliquées de Lyon"
Faiza Loukil,Strategic Integration of Context for Fine-Tuning Topic Model Performance,2024,"Université Savoie Mont Blanc, Cegedim"
Faiza Loukil,Data Privacy Based on IoT Device Behavior Control Using Blockchain,2020,"Université Lumière - Lyon 2, École Centrale de Lyon, Université Claude Bernard Lyon 1, Institut National des Sciences Appliquées de Lyon, Staffordshire University"
Faiza Loukil,Towards an end-to-end IoT data privacy-preserving framework using blockchain technology,2018-11-12,"Université Lumière - Lyon 2, École Centrale de Lyon, Université Claude Bernard Lyon 1, Institut National des Sciences Appliquées de Lyon"
Faiza Loukil,A Clustering Approach Combining Lines and Text Detection for Table Extraction,2023-08-24,"Université Savoie Mont Blanc, Cegedim-SRH"
Faiza Loukil,AntiPattren-based cloud ontology evaluation,2017-06-12,
Faiza Loukil,A blockchain-based framework for circular end-of-life vehicle processing,2023-02-08,"Zayed University, Université Savoie Mont Blanc, Université Polytechnique Hauts-de-France, INSA Institut National des Sciences Appliquées Hauts-de-France"
Gilles Mauris,Fuzzy modelling of measurements acquired by an intelligent ultrasonic telemeter,1998-05,Université Savoie Mont Blanc
Gilles Mauris,Possibility distributions: A unified representation of usual direct probability-based parameter estimation methods,2011-12-01,Université Savoie Mont Blanc
Gilles Mauris,Measurement Theory considerations in Fuzzy Sensors,1995-08,Université Savoie Mont Blanc
Gilles Mauris,Local measurement validation for an intelligent telemeter,1996-06,Université Savoie Mont Blanc
Gilles Mauris,Fuzzy sensor for the perception of colour,1994-06,Université Savoie Mont Blanc
Gilles Mauris,Image Change Detection by Possibility Distribution Dissemblance,2017-07-09,"Université Savoie Mont Blanc, Université européenne de Bretagne - European University of Brittany, Télécom Bretagne, Université européenne de Bretagne - European University of Brittany, École Nationale d'Ingénieurs de Brest, Université de Bretagne Sud, Université de Brest, Télécom Bretagne, Université de Brest, École Nationale Supérieure de Techniques Avancées Bretagne"
Gilles Mauris,A diagnosis and monitoring support system for marketing activities,2006,"IMT - MINES ALES, Université Savoie Mont Blanc, Université Savoie Mont Blanc"
Gilles Mauris,Handling uncertainty in a MCDM Process for an e-business website choice support,2005,"IMT - MINES ALES, Université Savoie Mont Blanc, Université Savoie Mont Blanc"
Gilles Mauris,Possibility transformation of the sum of two symmetric unimodal independent/comonotone random variables,2013-08-19,Université Savoie Mont Blanc
Gilles Mauris,Fuzzy Performance Indicators for Manufacturing Processes,1998,Université Savoie Mont Blanc
Nicolas Méger,Studying Evolution of Hydrothermal Alteration Materials in the Turrialba Volcano through Multispectral and Hyperspectral Images,2020,"Instituto Nacional de Técnica Aeroespacial, Universidad Politécnica de Madrid, Université Lumière - Lyon 2, École Centrale de Lyon, Université Claude Bernard Lyon 1, Institut National des Sciences Appliquées de Lyon, Université Lumière - Lyon 2, École Centrale de Lyon, Université Claude Bernard Lyon 1, Institut National des Sciences Appliquées de Lyon, Université Savoie Mont Blanc, Universidad de Costa Rica, Universidade Federal de Alagoas = Federal University of Alagoas"
Nicolas Méger,Association Maps as Integrity Constraints in Inductive Databases,2002-08-30,
Nicolas Méger,Suivi de l'érosion par imagerie satellite et fouille de données spatio-temporelles,2016,"Institut National des Sciences Appliquées de Lyon, Bluecham SAS [Nouméa], Université Savoie Mont Blanc, Université Lumière - Lyon 2, École Centrale de Lyon, Université Claude Bernard Lyon 1, Institut National des Sciences Appliquées de Lyon, Université Lumière - Lyon 2, École Centrale de Lyon, Université Claude Bernard Lyon 1, Institut National des Sciences Appliquées de Lyon, Institut National de Recherche en Informatique et en Automatique, Université Claude Bernard Lyon 1, VetAgro Sup - Institut national d'enseignement supérieur et de recherche en alimentation, santé animale, sciences agronomiques et de l'environnement, Université Lumière - Lyon 2, École Centrale de Lyon, Université Claude Bernard Lyon 1, Institut National des Sciences Appliquées de Lyon"
Nicolas Méger,On mining pixel based evolution classes in satellite image time series,2008-03-06,"Université Savoie Mont Blanc, Université Politehnica [Bucarest, Roumanie]"
Nicolas Méger,Extraction de Motifs Séquentiels Fréquents sous Contraintes dans des Données Contenant des Répétitions Consécutives,2004-01-01,"Université Lumière - Lyon 2, École Centrale de Lyon, Université Claude Bernard Lyon 1, Institut National des Sciences Appliquées de Lyon"
Nicolas Méger,Editorial,2013-09-02,Université Savoie Mont Blanc
Nicolas Méger,Connectivity constraint-based sequential pattern extraction from Satellite Image Time Series,2013-09-23,"Université Savoie Mont Blanc, Institute of Space Science [Bucharest-Măgurele]"
Nicolas Méger,Integrity Constraints over Association Rules,2004-06-28,"Université Lumière - Lyon 2, École Centrale de Lyon, Université Claude Bernard Lyon 1, Institut National des Sciences Appliquées de Lyon"
Nicolas Méger,A pattern-based mining system for exploring Displacement Field Time Series,2019-11-08,"Université Savoie Mont Blanc, Université Lumière - Lyon 2, École Centrale de Lyon, Université Claude Bernard Lyon 1, Institut National des Sciences Appliquées de Lyon, Université Lumière - Lyon 2, École Centrale de Lyon, Université Claude Bernard Lyon 1, Institut National des Sciences Appliquées de Lyon, Université Lumière - Lyon 2, École Centrale de Lyon, Université Claude Bernard Lyon 1, Institut National des Sciences Appliquées de Lyon, Institut National de Recherche en Informatique et en Automatique, Université Claude Bernard Lyon 1, VetAgro Sup - Institut national d'enseignement supérieur et de recherche en alimentation, santé animale, sciences agronomiques et de l'environnement, Université Lumière - Lyon 2, École Centrale de Lyon, Université Claude Bernard Lyon 1, Institut National des Sciences Appliquées de Lyon, University of Edinburgh"
Nicolas Méger,Explaining the decisions and the functioning of a convolutional spatiotemporal land cover classifier with channel attention and redescription mining,2024-09,"Université Savoie Mont Blanc, Université Savoie Mont Blanc, Institut National de Recherche en Informatique et en Automatique, Centre de Coopération Internationale en Recherche Agronomique pour le Développement, AgroParisTech, Institut National de Recherche pour l’Agriculture, l’Alimentation et l’Environnement, Centre de Coopération Internationale en Recherche Agronomique pour le Développement, AgroParisTech, Institut National de Recherche pour l’Agriculture, l’Alimentation et l’Environnement, Université de Rennes, Institut National des Sciences Appliquées - Rennes, Université de Bretagne Sud, École normale supérieure - Rennes, Institut National de Recherche en Informatique et en Automatique, CentraleSupélec, IMT Atlantique"
Yassine Mhiri,Expectation-Maximization Based Direction of Arrival Estimation Under a Mixture of Noise,2021-12-08,"École normale supérieure - Rennes, Conservatoire National des Arts et Métiers [CNAM], Université Paris-Saclay, Ecole Normale Supérieure  Paris-Saclay, Université Gustave Eiffel, CY Cergy Paris Université, Université Paris Nanterre"
Yassine Mhiri,Contributions aux méthodes de calibration et d'imagerie pour les radio-interféromètres en présence d'interférences,2023-10-19,"École normale supérieure - Rennes, Conservatoire National des Arts et Métiers [CNAM], Université Paris-Saclay, Ecole Normale Supérieure  Paris-Saclay, Université Gustave Eiffel, CY Cergy Paris Université"
Yassine Mhiri,Regularized maximum likelihood estimation for radio interferometric imaging in the presence of radiofrequency interefences,2024,"École normale supérieure - Rennes, Conservatoire National des Arts et Métiers [CNAM], Université Paris-Saclay, Ecole Normale Supérieure  Paris-Saclay, Université Gustave Eiffel, CY Cergy Paris Université, CentraleSupélec, Université Paris-Saclay, Ecole Nationale Supérieure d'Informatique pour l'Industrie et l'Entreprise, Conservatoire National des Arts et Métiers [CNAM]"
Yassine Mhiri,Borne Barankin vs Borne Cramér-Rao pour la géométrie de réseaux d'antennes en radioastronomie,2023-08-28,"École normale supérieure - Rennes, Conservatoire National des Arts et Métiers [CNAM], Université Paris-Saclay, Ecole Normale Supérieure  Paris-Saclay, Université Gustave Eiffel, CY Cergy Paris Université, CentraleSupélec, Université Paris-Saclay"
Yassine Mhiri,Hyperspectral signal reconstruction from interferometric measurements with enriched Fourier bases,2024-03-15,"Institut National des Sciences Mathématiques et de leurs Interactions - CNRS Mathématiques, Université Paris Cité"
Yassine Mhiri,A Robust EM Algorithm for Radio Interferometric Imaging in The Presence of Outliers,2022-11-02,"École normale supérieure - Rennes, Conservatoire National des Arts et Métiers [CNAM], Université Paris-Saclay, Ecole Normale Supérieure  Paris-Saclay, Université Gustave Eiffel, CY Cergy Paris Université, CentraleSupélec, Université Paris-Saclay, Université Paris Nanterre"
Yassine Mhiri,Algorithme SAGE pour la calibration robuste de radio-interféromètres en présence d'interférences,2022-09-06,"École normale supérieure - Rennes, Conservatoire National des Arts et Métiers [CNAM], Université Paris-Saclay, Ecole Normale Supérieure  Paris-Saclay, Université Gustave Eiffel, CY Cergy Paris Université, Université Paris Nanterre"
Yassine Mhiri,Multifrequency array calibration in presence of radio frequency interferences,2022,"École normale supérieure - Rennes, Conservatoire National des Arts et Métiers [CNAM], Université Paris-Saclay, Ecole Normale Supérieure  Paris-Saclay, Université Gustave Eiffel, CY Cergy Paris Université, CentraleSupélec, Université Paris-Saclay, Université Paris Nanterre"
Yassine Mhiri,Imagerie radio-interférométrique robuste par dépliement neuronal,2023-08-28,"École normale supérieure - Rennes, Conservatoire National des Arts et Métiers [CNAM], Université Paris-Saclay, Ecole Normale Supérieure  Paris-Saclay, Université Gustave Eiffel, CY Cergy Paris Université, CentraleSupélec, Université Paris-Saclay, Université Paris Nanterre"
Ammar Mian,An Overview of Covariance‐based Change Detection Methodologies in Multivariate SAR Image Time Series,2021-12-28,"Université Savoie Mont Blanc, ONERA, CentraleSupélec, Université Paris-Saclay, ONERA, Université Paris-Saclay, Université Paris Nanterre, CentraleSupélec, Université Paris-Saclay"
Ammar Mian,Nouvel algorithme d'inversion robuste pour le RADAR GPR,2022-09-06,"Université Savoie Mont Blanc, Université Savoie Mont Blanc, Groupe Géolithe"
Ammar Mian,Riemannian geometry for compound Gaussian distributions: Application to recursive change detection,2020-11,"Université Savoie Mont Blanc, ONERA, CentraleSupélec, Université Paris-Saclay, Université Sciences et Technologies - Bordeaux 1, Institut Polytechnique de Bordeaux"
Ammar Mian,On-line Kronecker Product Structured Covariance Estimation with Riemannian geometry for t-distributed data,2021-08-23,"CentraleSupélec, Université Paris-Saclay, Université Paris Nanterre, Université Savoie Mont Blanc"
Ammar Mian,Designing Sar Images Change-point Estimation Strategies Using an Mse Lower Bound,2019-05-12,"ONERA, CentraleSupélec, Université Paris Saclay (COmUE), Université Paris-Sud - Paris 11, CentraleSupélec, Université Savoie Mont Blanc, ONERA, Université Paris Saclay (COmUE)"
Ammar Mian,Contributions to SAR Image Time Series Analysis,2019-09-26,"ONERA, CentraleSupélec, Université Paris Saclay (COmUE), ONERA, Université Paris Saclay (COmUE)"
Ammar Mian,A Robust Change Detector for Highly Heterogeneous Multivariate Images,2018-04-15,"ONERA, CentraleSupélec, Université Paris Saclay (COmUE), ONERA, Université Paris Saclay (COmUE), Université Savoie Mont Blanc"
Ammar Mian,Détection de changements basée sur les covariances de séries d’images SAR,2022,"Université Savoie Mont Blanc, Université Paris Nanterre, CentraleSupélec, Université Paris-Saclay"
Ammar Mian,Multivariate Change Detection on High Resolution Monovariate SAR Image Using Linear Time-Frequency Analysis,2017-08-30,"ONERA, CentraleSupélec, Université Paris Saclay (COmUE), Université Savoie Mont Blanc"
Ammar Mian,Détection de changement sur images SAR monovariées par analyse temps-fréquence linéaire,2017-09-10,"ONERA, CentraleSupélec, Université Paris Saclay (COmUE), Université Savoie Mont Blanc"
Sébastien Monnet,Towards a scalable refereeing system for online gaming,2012-11,"Université Pierre et Marie Curie - Paris 6, Institut National de Recherche en Informatique et en Automatique, Université Pierre et Marie Curie - Paris 6"
Sébastien Monnet,Caju: a content distribution system for edge networks,2012-06-28,"Université Pierre et Marie Curie - Paris 6, Institut National de Recherche en Informatique et en Automatique, France Télécom"
Sébastien Monnet,Using failure injection mechanisms to experiment and evaluate a grid failure detector,2006-07,"Université de Rennes, Institut National des Sciences Appliquées - Rennes, Institut National de Recherche en Informatique et en Automatique, École normale supérieure - Cachan, Institut National de Recherche en Informatique et en Automatique"
Sébastien Monnet,Peer-to-Peer Metadata Management for Knowledge Discovery Applications in Grids,2007,"Université de Rennes, Institut National des Sciences Appliquées - Rennes, Institut National de Recherche en Informatique et en Automatique, École normale supérieure - Cachan, Institut National de Recherche en Informatique et en Automatique, Università della Calabria [Arcavacata di Rende, Italia] = University of Calabria [Italy] = Université de Calabre [Italie]"
Sébastien Monnet,Towards a Semantic Model for Wise Systems - A Graph Matching Algorithm,2022-11-12,Université Savoie Mont Blanc
Sébastien Monnet,Predicting Popularity and Adapting Replication of Internet Videos for High-Quality Delivery,2013-12,"Université Pierre et Marie Curie - Paris 6, Institut National de Recherche en Informatique et en Automatique, Université Pierre et Marie Curie - Paris 6"
Sébastien Monnet,Large-scale Deployment in P2P Experiments Using the JXTA Distributed Framework,2004-08-31,"Université de Rennes, Institut National des Sciences Appliquées - Rennes, Institut National de Recherche en Informatique et en Automatique, École normale supérieure - Cachan, Institut National de Recherche en Informatique et en Automatique"
Sébastien Monnet,GDS: an Architecture Proposal for a Grid Data-Sharing Service,2005,"Université de Rennes, Institut National des Sciences Appliquées - Rennes, Institut National de Recherche en Informatique et en Automatique, École normale supérieure - Cachan, Institut National de Recherche en Informatique et en Automatique, Institut National de Recherche en Informatique et en Automatique, École normale supérieure de Lyon, Université Claude Bernard Lyon 1, Institut National de Recherche en Informatique et en Automatique, Université Pierre et Marie Curie - Paris 6, Institut National de Recherche en Informatique et en Automatique"
Sébastien Monnet,Using failure injection mechanisms to experiment and evaluate a hierarchical failure detector,2006,"Université de Rennes, Institut National des Sciences Appliquées - Rennes, Institut National de Recherche en Informatique et en Automatique, École normale supérieure - Cachan, Institut National de Recherche en Informatique et en Automatique"
Sébastien Monnet,PUMA: Un cache distant pour mutualiser la mémoire inutilisée des machines virtuelles,2014-04-24,"Université Pierre et Marie Curie - Paris 6, Institut National de Recherche en Informatique et en Automatique"
Stéphane Perrin,"Politiques extérieures, actions extérieures de l'Union Européenne. Panorama des politiques extérieures. Relations avec les pays de la quadrilatérale (Etats-Unis, Canada, Japon)",2012,Université de Rennes
Stéphane Perrin,Microsphere-assisted microscopy: Contribution to the understanding of label-free super-resolution,2018,"École Nationale du Génie de l'Eau et de l'Environnement de Strasbourg, Université de Strasbourg, Université de Strasbourg, Université de Haute-Alsace (UHA) Mulhouse - Colmar, Institut National de la Santé et de la Recherche Médicale, Institut de Chimie - CNRS Chimie, Université de Strasbourg, Université de Haute-Alsace (UHA) Mulhouse - Colmar"
Stéphane Perrin,"Sécurité et valeurs de l'Union Européenne dans les différentes dimensions de l'Union européenne Quel cadre juridique pour le futur accord ""PNR"" après le traité de Lisbonne?",2009,Université de Rennes
Stéphane Perrin,Fourier optics: basic concepts,2018-03-23,"École Nationale du Génie de l'Eau et de l'Environnement de Strasbourg, Université de Strasbourg, Université de Strasbourg, Université de Haute-Alsace (UHA) Mulhouse - Colmar, Institut National de la Santé et de la Recherche Médicale, Institut de Chimie - CNRS Chimie, Université de Strasbourg, Université de Haute-Alsace (UHA) Mulhouse - Colmar"
Stéphane Perrin,Oxidation kinetics and mechanisms of Ni-base alloys in pressurised water reactor primary conditions: Influence of subsurface defects,2011,"Université Paris-Saclay, Commissariat à l'énergie atomique et aux énergies alternatives, Université Paris-Saclay, SPIN, Mines Paris - PSL (École nationale supérieure des mines de Paris)"
Stéphane Perrin,Super-resolution interference microscopy by photonic jet microlens,2019,"École Nationale du Génie de l'Eau et de l'Environnement de Strasbourg, Université de Strasbourg, Université de Strasbourg, Université de Haute-Alsace (UHA) Mulhouse - Colmar, Institut National de la Santé et de la Recherche Médicale, Institut de Chimie - CNRS Chimie, Université de Strasbourg, Université de Haute-Alsace (UHA) Mulhouse - Colmar"
Stéphane Perrin,Influence of irradiation on the oxide film formed on 316L stainless steel in PWR primary water,2013,"Université Paris-Saclay, Mines Paris - PSL (École nationale supérieure des mines de Paris), Université de Versailles Saint-Quentin-en-Yvelines"
Stéphane Perrin,3rd Annual WP3 Progress Report (D3.13): CArbon-14 Source Term; CAST,2016-09-19,"Université de Nantes, Institut National de Physique Nucléaire et de Physique des Particules du CNRS, IMT Atlantique"
Stéphane Perrin,Development and characterization of an optical coherence tomography micro-system : Application to dermatology,2016-06-24,"École Nationale du Génie de l'Eau et de l'Environnement de Strasbourg, Université de Strasbourg, Université de Strasbourg, Université de Haute-Alsace (UHA) Mulhouse - Colmar, Institut National de la Santé et de la Recherche Médicale, Institut de Chimie - CNRS Chimie, Université de Strasbourg, Université de Haute-Alsace (UHA) Mulhouse - Colmar"
Stéphane Perrin,Corrosion modelling of iron based alloy in nuclear waste repository,2010-03-06,"Commissariat à l'énergie atomique et aux énergies alternatives, Université Paris-Saclay, Université Blaise Pascal - Clermont-Ferrand 2, Agence Nationale pour la Gestion des Déchets Radioactifs, Université Paris-Saclay"
Stéphan Plassart,A Discrete Time Markov Decision Process for Energy Minimization Under Deadline Constraints,2019-12-03,"Institut National de Recherche en Informatique et en Automatique, Institut polytechnique de Grenoble - Grenoble Institute of Technology, Université Grenoble Alpes [2016-2019], Institut National de Recherche en Informatique et en Automatique, Institut polytechnique de Grenoble - Grenoble Institute of Technology, Université Grenoble Alpes [2016-2019]"
Stéphan Plassart,Feasibility of on-line speed policies in real-time systems,2020-04-27,"Institut National de Recherche en Informatique et en Automatique, Institut polytechnique de Grenoble - Grenoble Institute of Technology, Institut National de Recherche en Informatique et en Automatique, Institut polytechnique de Grenoble - Grenoble Institute of Technology"
Stéphan Plassart,A Linear Time Algorithm for Computing Off-line Speed Schedules Minimizing Energy Consumption,2019-11-13,"Institut National de Recherche en Informatique et en Automatique, Institut polytechnique de Grenoble - Grenoble Institute of Technology, Université Grenoble Alpes [2016-2019], Institut National de Recherche en Informatique et en Automatique, Institut polytechnique de Grenoble - Grenoble Institute of Technology, Université Grenoble Alpes [2016-2019]"
Stéphan Plassart,Online optimization in dynamic real-time systems,2020-06-16,"Institut polytechnique de Grenoble - Grenoble Institute of Technology, Institut National de Recherche en Informatique et en Automatique, Institut polytechnique de Grenoble - Grenoble Institute of Technology, Institut National de Recherche en Informatique et en Automatique, Institut polytechnique de Grenoble - Grenoble Institute of Technology"
Stéphan Plassart,Discrete and Continuous Optimal Control for Energy Minimization in Real-Time Systems,2020-09-23,"Institut National de Recherche en Informatique et en Automatique, Institut polytechnique de Grenoble - Grenoble Institute of Technology, Institut National de Recherche en Informatique et en Automatique, Institut polytechnique de Grenoble - Grenoble Institute of Technology, Ecole Polytechnique Fédérale de Lausanne"
Stéphan Plassart,Dynamic Speed Scaling Minimizing Expected Energy Consumption for Real-Time Tasks,2017-10-06,"Institut National de Recherche en Informatique et en Automatique, Institut polytechnique de Grenoble - Grenoble Institute of Technology, Université Grenoble Alpes [2016-2019], Institut National de Recherche en Informatique et en Automatique, Institut polytechnique de Grenoble - Grenoble Institute of Technology, Université Grenoble Alpes [2016-2019]"
Stéphan Plassart,A Linear Time Algorithm Computing the Optimal Speeds Minimizing Energy Under Real-Time Constraints,2020-04-10,"Institut National de Recherche en Informatique et en Automatique, Institut polytechnique de Grenoble - Grenoble Institute of Technology, Institut National de Recherche en Informatique et en Automatique, Institut polytechnique de Grenoble - Grenoble Institute of Technology"
Stéphan Plassart,Dynamic Speed Scaling Minimizing Expected Energy Consumption for Real-Time Tasks,2020-07-04,"Institut National de Recherche en Informatique et en Automatique, Institut polytechnique de Grenoble - Grenoble Institute of Technology, Institut National de Recherche en Informatique et en Automatique, Institut polytechnique de Grenoble - Grenoble Institute of Technology"
Stéphan Plassart,An MDP-Based Solution for the Energy Minimization of Non-Clairvoyant Hard Real-Time Systems,2024-12-05,"Institut National de Recherche en Informatique et en Automatique, Institut polytechnique de Grenoble - Grenoble Institute of Technology, Institut National de Recherche en Informatique et en Automatique, Institut polytechnique de Grenoble - Grenoble Institute of Technology, Université Savoie Mont Blanc, Université Savoie Mont Blanc"
Stéphan Plassart,Feasibility of on-line speed policies in real-time systems,2019-11-20,"Institut National de Recherche en Informatique et en Automatique, Institut polytechnique de Grenoble - Grenoble Institute of Technology, Université Grenoble Alpes [2016-2019], Institut National de Recherche en Informatique et en Automatique, Institut polytechnique de Grenoble - Grenoble Institute of Technology, Université Grenoble Alpes [2016-2019]"
Frédéric Pourraz,A Multilevel Clustering Method for Risky Areas in the Context of Avalanche Danger Management,2022-07-04,Université Savoie Mont Blanc
Frédéric Pourraz,Client-Oriented Preferences Model for QoS Aggregation in Service-Based Applications,2012-12-01,Université Savoie Mont Blanc
Frédéric Pourraz,Description des services MES et de leurs opérations,2011-02,Université Savoie Mont Blanc
Frédéric Pourraz,Classification des précipitations sur les massifs alpins français,2021-09-13,Université Savoie Mont Blanc
Frédéric Pourraz,An Architecture-Centric Approach for Managing the Evolution of EAI Services-Oriented Architecture,2006-05,"Université Savoie Mont Blanc, Université de Bretagne Sud"
Frédéric Pourraz,Visual analytics for aiding decisions of ski touring itinerary in a risky snow avalanche environment,2017-07-31,Université Savoie Mont Blanc
Frédéric Pourraz,PSLA: a PaaS Level SLA Description Language,2014-03-11,Université Savoie Mont Blanc
Frédéric Pourraz,QoS aggregation for service orchestrations based on workflow pattern rules and MCDM method: evaluation at design time and runtime,2013-03,Université Savoie Mont Blanc
Frédéric Pourraz,A Global System for Avalanche Risk Assessment,2022-06-15,Université Savoie Mont Blanc
Frédéric Pourraz,Modèle logique avancé - version V1,2013-10-18,"Ecole Nationale Supérieure d'Informatique pour l'Industrie et l'Entreprise, Conservatoire National des Arts et Métiers [CNAM], Université de Montpellier, Institut National de Recherche en Informatique et en Automatique, Mines Nantes, École des Mines de Paris, Université Savoie Mont Blanc, Ecole Nationale Supérieure des Télécommunications"
Christophe Roche,Improved hybrid semantic similarity algorithm for terminology application,2016-08-03,"Université Savoie Mont Blanc, KETRC, Liaocheng University"
Christophe Roche,Structuring Humanities’ Data through Formal Domain Ontologies,2018-12-07,Université Savoie Mont Blanc
Christophe Roche,Ontoreverse : mieux comprendre les logiciels pour réduire leurs coûts de maintenance,2015-04,Université Savoie Mont Blanc
Christophe Roche,HOW TO VALUE AND TRANSMIT NUCLEAR INDUSTRY LONG TERM KNOWLEDGE,2005,"EDF, Université Savoie Mont Blanc"
Christophe Roche,Représentations formelles en terminologie,2013-11-08,Université Savoie Mont Blanc
Christophe Roche,Dealing with specialised co-text in text mining: Verbal terminological collocations,2020-07-06,"Universidade Nova de Lisboa = NOVA University Lisbon, Université Savoie Mont Blanc"
Christophe Roche,An Ontology of Chinese Ceramic Vases,2020,Université Savoie Mont Blanc
Christophe Roche,Ontologie : entre terminologie et connaissance de spécialité,2012-06-14,Université Savoie Mont Blanc
Christophe Roche,TOTh 2007 : Terminologie et Ontologie : Théories et Applications. Annecy 1er Juin 2007,2007-06-01,Université Savoie Mont Blanc
Christophe Roche,Proposition d'un modèle computationnel du concept pour la Terminologie,2018,"Université Savoie Mont Blanc, KETRC, Liaocheng University"
Kavé Salamatian,Combining Filtering and Statistical Methods for Anomaly Detection,2005-10,Université Pierre et Marie Curie - Paris 6
Kavé Salamatian,A new analytic approach to evaluation of Packet Error Rate in the fading channels,2005-05,Université Pierre et Marie Curie - Paris 6
Kavé Salamatian,On the capacity of multiple input erasure relay channels: The Non-degraded case,2005-09,Université Pierre et Marie Curie - Paris 6
Kavé Salamatian,LLM-centric pipeline for information extraction from invoices,2024-11-26,"Université Savoie Mont Blanc, Cegedim"
Kavé Salamatian,Fast Online Packet Classification With Convolutional Neural Network,2021-12,Université Savoie Mont Blanc
Kavé Salamatian,Caractérisation du trafic P2P IPTV : une analyse d'échelle,2008-03-24,Université Pierre et Marie Curie - Paris 6
Kavé Salamatian,A fresh look at Forwarding Information Base compression via mathematical analysis,2014-05-05,"Chinese Academy of Sciences [Changchun Branch], Université Savoie Mont Blanc"
Kavé Salamatian,The Impact of Online Social Networks on Health and Health Systems: A Scoping Review and Case Studies,2015-09-01,"University of Warwick [Coventry], University of the Witwatersrand [Johannesburg], Université Savoie Mont Blanc, Institut National de Recherche en Informatique et en Automatique"
Kavé Salamatian,Toward a polymorphic Future Internet: A Networking science approach,2010-12-13,Université Savoie Mont Blanc
Kavé Salamatian,Video Delivery Performance of a Large-Scale VoD System and the Implications on Content Delivery,2015-06,"Chinese Academy of Sciences [Changchun Branch], Université Savoie Mont Blanc"
Emmanuel Trouvé,SIG pour la gestion cartographique des données du projet MEGATOR.,2006,"EC ARCHIT NANCY, EC ARCHIT TOULOUSE, EC ARCHIT MARSEILLE, EC ARCHIT LYON, Université Joseph Fourier - Grenoble 1, Institut National Polytechnique de Grenoble, Commissariat à l'énergie atomique et aux énergies alternatives"
Emmanuel Trouvé,High resolution SAR interferometry: estimation of local frequencies in the context of Alpine glaciers,2008,"EC ARCHIT NANCY, EC ARCHIT TOULOUSE, EC ARCHIT MARSEILLE, EC ARCHIT LYON, Polytechnic University of Bucharest = Université Politehnica de Bucarest = Universitatea POLITEHNICA din București, German Aerospace Center, NRL"
Emmanuel Trouvé,ADAPTIVE MULTITEMPORAL FILTERING OF POLARIMETRIC SAR IMAGES,2014-07-18,Université Savoie Mont Blanc
Emmanuel Trouvé,GPS and TerraSAR­X time series measure temperate glacier flow in the Mont Blanc massif (France): the Argentière glacier test site,2012-04-22,"Université Joseph Fourier - Grenoble 1, Institut Français des Sciences et Technologies des Transports, de l'Aménagement et des Réseaux, Institut national des sciences de l'Univers, Institut de recherche pour le développement [IRD] : UR219, PRES Université de Grenoble, Université Savoie Mont Blanc, Université Pierre Mendès France - Grenoble 2, Université Stendhal - Grenoble 3, Université Joseph Fourier - Grenoble 1, Institut polytechnique de Grenoble - Grenoble Institute of Technology, Université Pierre Mendès France - Grenoble 2, Université Stendhal - Grenoble 3, Université Joseph Fourier - Grenoble 1, Institut polytechnique de Grenoble - Grenoble Institute of Technology, Université Savoie Mont Blanc"
Emmanuel Trouvé,Fast correlation technique for glacier flow monitoring by digital camera and space-borne SAR images,2011-10-28,"Université Savoie Mont Blanc, Senseor, Université Joseph Fourier - Grenoble 1, Institut Français des Sciences et Technologies des Transports, de l'Aménagement et des Réseaux, Institut national des sciences de l'Univers, Institut de recherche pour le développement [IRD] : UR219, PRES Université de Grenoble, Université Savoie Mont Blanc, Télécom ParisTech, Université Savoie Mont Blanc, Observatoire des Sciences de l'Univers de Grenoble"
Emmanuel Trouvé,Fringe detection in noisy complex interferograms,1996,Télécom ParisTech
Emmanuel Trouvé,Assimilation of D-InSAR and sub-pixel image correlation displacement measurements for coseismic fault parameter estimation,2010-07,"Université Savoie Mont Blanc, Université Joseph Fourier - Grenoble 1, Institut polytechnique de Grenoble - Grenoble Institute of Technology, Institut national des sciences de l'Univers, Institut national de recherche en sciences et technologies pour l'environnement et l'agriculture, Université Savoie Mont Blanc, Laboratoire Central des Ponts et Chaussées, Institut de Recherche pour le Développement"
Emmanuel Trouvé,N and P recovery from urine and digestate by struvite formation and transmembrane chemisorption,2020-06-08,"Institut National des Sciences Appliquées - Toulouse, Institut National de Recherche pour l’Agriculture, l’Alimentation et l’Environnement, Institut National des Sciences Appliquées - Toulouse, Institut National de Recherche pour l’Agriculture, l’Alimentation et l’Environnement"
Emmanuel Trouvé,Visibility analysis of glaciers on steep slopes in the european alps using TERRASAR-X/PAZ data,2021-07-12,"Université Savoie Mont Blanc, Observatoire des Sciences de l'Univers de Grenoble, Université Savoie Mont Blanc"
Emmanuel Trouvé,Mesures de déplacement,2014-02-28,"Université Savoie Mont Blanc, Université Joseph Fourier - Grenoble 1, Institut Français des Sciences et Technologies des Transports, de l'Aménagement et des Réseaux, Institut national des sciences de l'Univers, Institut de recherche pour le développement [IRD] : UR219, PRES Université de Grenoble, Université Savoie Mont Blanc"
Lionel Valet,A Separability Index Based on Earth Mover's Distance for Local Evaluation of Fusion Systems,2010-10-25,Université Savoie Mont Blanc
Lionel Valet,Local versus global evaluation of a cooperative fusion system for 3D image interpretation,2009,Université Savoie Mont Blanc
Lionel Valet,Learning Gradual Rules to Model Convex Polygon-shaped Classes,2010-07,"Université Savoie Mont Blanc, Université Pierre Mendès France - Grenoble 2, Université Stendhal - Grenoble 3, Université Joseph Fourier - Grenoble 1, Institut polytechnique de Grenoble - Grenoble Institute of Technology"
Lionel Valet,Application of Log-Cumulants to the Detection of Spatiotemporal Discontinuities in Multitemporal SAR Images,2004-10,"Université Savoie Mont Blanc, Télécom ParisTech, Université Paris-Est Marne-la-Vallée"
Lionel Valet,A decision support system for animated film selection based on a multi-criteria aggregation of referees' ordinal preferences,2012-03-01,Université Savoie Mont Blanc
Lionel Valet,Evaluation locale de la performance basée sur un critère Mission/Qualité,2011-09-05,Université Savoie Mont Blanc
Lionel Valet,Interactive learning of implicative fuzzy rules applied to the classification of POLSAR features in the context of Alpine glaciers,2007,"Université Pierre Mendès France - Grenoble 2, Université Stendhal - Grenoble 3, Université Joseph Fourier - Grenoble 1, Institut polytechnique de Grenoble - Grenoble Institute of Technology, Université Savoie Mont Blanc, Université Pierre Mendès France - Grenoble 2, Université Stendhal - Grenoble 3, Université Joseph Fourier - Grenoble 1, Institut polytechnique de Grenoble - Grenoble Institute of Technology"
Lionel Valet,An attribute fusion system based on the Choquet integral to evaluate the quality of composite parts,2008-04,Université Savoie Mont Blanc
Lionel Valet,Monotonic additive preference model for 3D fusion system parameters adjustment,2014-07-13,Université Savoie Mont Blanc
Lionel Valet,Analyse et prétraitement d'un ensemble d'apprentissage dans le cadre d'un système coopératif de classification floue,2006-10,Université Savoie Mont Blanc
Hervé Verjus,LLM-centric pipeline for information extraction from invoices,2024-11-26,"Université Savoie Mont Blanc, Cegedim"
Hervé Verjus,A Multilevel Clustering Method for Risky Areas in the Context of Avalanche Danger Management,2022-07-04,Université Savoie Mont Blanc
Hervé Verjus,A Comparative review of Process-Centered Software Engineering Environments,2002,"Université Savoie Mont Blanc, Institut National de Recherche en Informatique et en Automatique, Institut National de Recherche en Informatique et en Automatique, Université Henri Poincaré - Nancy 1, Université Nancy 2, Institut National Polytechnique de Lorraine"
Hervé Verjus,Service-Oriented Approach for Agile Support of Product Design Processes,2012-08-23,"Université Joseph Fourier - Grenoble 1, Institut polytechnique de Grenoble - Grenoble Institute of Technology, Institut National Polytechnique de Grenoble, Université Savoie Mont Blanc"
Hervé Verjus,Competency Cataloging and Localization to Support Organizational Agility in BPM,2020-01-19,"Institut polytechnique de Grenoble - Grenoble Institute of Technology, Université Savoie Mont Blanc"
Hervé Verjus,Exploring the influence of Social software on Business Process Management,2017-07,"Institut polytechnique de Grenoble - Grenoble Institute of Technology, Université Grenoble Alpes [2016-2019], Université Savoie Mont Blanc"
Hervé Verjus,Business Process Management for MES Deployment: Some Lessons from a Bearings Manufacturer Experience,2020-08-25,"Université Savoie Mont Blanc, Université Savoie Mont Blanc, NTN-SNR ROULEMENTS [Annecy]"
Hervé Verjus,Gestion des architectures évolutives dans ArchWare,2006-09,"Université Savoie Mont Blanc, Université de Bretagne Sud"
Hervé Verjus,Interopérabilité des progiciels du domaine du MES supportée par une approche à base de services - Avancement du projet au 30 septembre 2009,2009-09,Université Savoie Mont Blanc
Hervé Verjus,Conception et formalisation d'un système de recommandation de prestations touristiques,2019-06-11,Université Savoie Mont Blanc
Flavien Vernier,Algorithmique itérative pour l’équilibrage de charge dans les réseaux dynamiques,2004-12-03,Université de Franche-Comté
Flavien Vernier,EFIDIR : extraction et fusion d'informations pour la mesure de déplacements par imagerie radar,2011,"Université Savoie Mont Blanc, Télécom ParisTech, Université de Nantes, Université de Rennes, Institut National des Sciences Appliquées - Rennes, CentraleSupélec, Université Pierre Mendès France - Grenoble 2, Université Stendhal - Grenoble 3, Université Joseph Fourier - Grenoble 1, Institut polytechnique de Grenoble - Grenoble Institute of Technology, Université Pierre Mendès France - Grenoble 2, Université Stendhal - Grenoble 3, Université Joseph Fourier - Grenoble 1, Institut polytechnique de Grenoble - Grenoble Institute of Technology, Université Joseph Fourier - Grenoble 1, Institut Français des Sciences et Technologies des Transports, de l'Aménagement et des Réseaux, Institut national des sciences de l'Univers, Institut de recherche pour le développement [IRD] : UR219, PRES Université de Grenoble, Université Savoie Mont Blanc, Institut national des sciences de l'Univers, École normale supérieure - Paris, Université Joseph Fourier - Grenoble 1, Institut Français des Sciences et Technologies des Transports, de l'Aménagement et des Réseaux, Institut national des sciences de l'Univers, Institut de recherche pour le développement [IRD] : UR219, PRES Université de Grenoble, Université Savoie Mont Blanc, Université Joseph Fourier - Grenoble 1, Institut Français des Sciences et Technologies des Transports, de l'Aménagement et des Réseaux, Institut national des sciences de l'Univers, Institut de recherche pour le développement [IRD] : UR219, PRES Université de Grenoble, Université Savoie Mont Blanc, Université de Rennes, Institut National des Sciences Appliquées - Rennes, Ecole Supérieure d'Electricité - SUPELEC (FRANCE)"
Flavien Vernier,Predicting Power Consumption Using Machine Learning Techniques,2024-05-27,"Université Savoie Mont Blanc, Université Savoie Mont Blanc, Université de Technologie de Belfort-Montbeliard, Ecole Nationale Supérieure de Mécanique et des Microtechniques, Université de Franche-Comté, American University of Beirut [Beyrouth], Université Savoie Mont Blanc"
Flavien Vernier,How to use the past to face the future?,2020,"École normale supérieure de Lyon, Université Claude Bernard Lyon 1, Institut National de Recherche en Informatique et en Automatique, Université Savoie Mont Blanc, École normale supérieure de Lyon, Université Claude Bernard Lyon 1, Institut National de Recherche en Informatique et en Automatique, Institut National de Recherche en Informatique et en Automatique"
Flavien Vernier,AN OVERVIEW TO REMOTELY SENSED DISPLACEMENT MEASUREMENTS FUSION: CURRENT STATUS AND CHALLENGES,2016-07-10,"Université Savoie Mont Blanc, University of Edinburgh"
Flavien Vernier,A swap randomization approach for mining motion field time series over the Argentiere glacier,2015-07-24,"Université Savoie Mont Blanc, Université Claude Bernard Lyon 1, Institut National des Sciences Appliquées de Lyon, Université Lumière - Lyon 2, École Centrale de Lyon, Université Claude Bernard Lyon 1, Institut National des Sciences Appliquées de Lyon, Université Lumière - Lyon 2, École Centrale de Lyon, Université Claude Bernard Lyon 1, Institut National des Sciences Appliquées de Lyon, Institut National de Recherche en Informatique et en Automatique, Université Claude Bernard Lyon 1, VetAgro Sup - Institut national d'enseignement supérieur et de recherche en alimentation, santé animale, sciences agronomiques et de l'environnement, Université Lumière - Lyon 2, École Centrale de Lyon, Université Claude Bernard Lyon 1, Institut National des Sciences Appliquées de Lyon"
Flavien Vernier,Attempt of alpine glacier flow modeling based on correlation measurements of high resolution SAR images,2013-07-21,"Université de Nantes, Université de Rennes, Institut National des Sciences Appliquées - Rennes, CentraleSupélec, Université Pierre Mendès France - Grenoble 2, Université Stendhal - Grenoble 3, Université Joseph Fourier - Grenoble 1, Institut polytechnique de Grenoble - Grenoble Institute of Technology, Université Pierre Mendès France - Grenoble 2, Université Stendhal - Grenoble 3, Université Joseph Fourier - Grenoble 1, Institut polytechnique de Grenoble - Grenoble Institute of Technology, Université Savoie Mont Blanc"
Flavien Vernier,Détection automatique de zones en mouvement dans des séries d’images non recalées: application à la surveillance des mouvements gravitaires,2018,"Université Savoie Mont Blanc, Observatoire des Sciences de l'Univers de Grenoble, Université Savoie Mont Blanc, Tenevia"
Flavien Vernier,Towards a Semantic Model for Wise Systems - A Graph Matching Algorithm,2022-11-12,Université Savoie Mont Blanc
Flavien Vernier,Mesures de déplacement,2014-02-28,"Université Savoie Mont Blanc, Université Joseph Fourier - Grenoble 1, Institut Français des Sciences et Technologies des Transports, de l'Aménagement et des Réseaux, Institut national des sciences de l'Univers, Institut de recherche pour le développement [IRD] : UR219, PRES Université de Grenoble, Université Savoie Mont Blanc"
Yajing Yan,Comparison of different incremental assimilation schemes in an operational assimilation system with Ensemble Kalman Filter,2016-04-18,"Université Savoie Mont Blanc, Institut national des sciences de l'Univers, Institut polytechnique de Grenoble - Grenoble Institute of Technology, Institut national des sciences de l'Univers, Institut national de recherche en sciences et technologies pour l'environnement et l'agriculture, Université Savoie Mont Blanc, Université Grenoble Alpes [2016-2019]"
Yajing Yan,Volcano Deformation and Eruption Forecasting using Data Assimilation: Is it Feasible?,2015-10-07,"Université Joseph Fourier - Grenoble 1, Institut Français des Sciences et Technologies des Transports, de l'Aménagement et des Réseaux, Institut national des sciences de l'Univers, Institut de recherche pour le développement [IRD] : UR219, PRES Université de Grenoble, Université Savoie Mont Blanc, Université Savoie Mont Blanc"
Yajing Yan,Improving ice thickness estimation of glaciers using deep learning methods : a case study in the Swiss Alps,2023-05-15,"Université Savoie Mont Blanc, Institut de Recherche pour le Développement, Institut national des sciences de l'Univers, Institut National de Recherche pour l’Agriculture, l’Alimentation et l’Environnement, Observatoire des Sciences de l'Univers de Grenoble, Institut polytechnique de Grenoble - Grenoble Institute of Technology, Institut de Recherche pour le Développement, Institut national des sciences de l'Univers, Université Savoie Mont Blanc, Université Gustave Eiffel, Observatoire des Sciences de l'Univers de Grenoble"
Yajing Yan,Coseismic displacement field and slip distribution of the 2005 Kashmir earthquake from SAR amplitude image correlation and differential interferometry,2013-04-02,"Université Savoie Mont Blanc, Université Joseph Fourier - Grenoble 1, Institut Français des Sciences et Technologies des Transports, de l'Aménagement et des Réseaux, Institut national des sciences de l'Univers, Institut de recherche pour le développement [IRD] : UR219, PRES Université de Grenoble, Université Savoie Mont Blanc, Université Joseph Fourier - Grenoble 1, Institut Français des Sciences et Technologies des Transports, de l'Aménagement et des Réseaux, Institut national des sciences de l'Univers, Institut de recherche pour le développement [IRD] : UR219, PRES Université de Grenoble, Université Savoie Mont Blanc"
Yajing Yan,Combinaison de l'interférométrie différentielle et la corrélation d'amplitude SAR pour la mesure de champs de déplacement: Application au séisme du Pakistan (2005),2010-11,"Université Savoie Mont Blanc, Université Joseph Fourier - Grenoble 1, Institut polytechnique de Grenoble - Grenoble Institute of Technology, Institut national des sciences de l'Univers, Institut national de recherche en sciences et technologies pour l'environnement et l'agriculture, Université Savoie Mont Blanc, Laboratoire Central des Ponts et Chaussées, Institut de Recherche pour le Développement"
Yajing Yan,SAR Offset Tracking,2022-05-29,"Gamma Remote Sensing Research and Consulting AG, Eidgenössische Technische Hochschule - Swiss Federal Institute of Technology  [Zürich], Université Savoie Mont Blanc, Institute of Marine and Atmospheric Research"
Yajing Yan,Ice Aprons in the Mont Blanc Massif (Western European Alps): Topographic Characteristics and Relations with Glaciers and Other Types of Perennial Surface Ice Features,2022-11,"Université Savoie Mont Blanc, Observatoire des Sciences de l'Univers de Grenoble, Université Savoie Mont Blanc, University of Oslo"
Yajing Yan,Integration of Corner Reflectors for the Monitoring of Mountain Glacier Areas with Sentinel-1 Time Series,2019-04-25,"Université Savoie Mont Blanc, Institut National de l'Information Géographique et Forestière [IGN], Institut polytechnique de Grenoble - Grenoble Institute of Technology, Institut National Polytechnique de Grenoble, Université Grenoble Alpes [2016-2019], Institut polytechnique de Grenoble - Grenoble Institute of Technology, Institut National Polytechnique de Grenoble, Université Grenoble Alpes [2016-2019]"
Yajing Yan,Covariance fitting based InSAR Phase Linking,2023-07-17,"ONERA, Université Paris-Saclay, Université Paris Nanterre, ONERA, Université Paris-Saclay, Université Savoie Mont Blanc"
Yajing Yan,Apports de l’assimilation des données géodésiques en volcanologie,2018-03-20,"Institut Français des Sciences et Technologies des Transports, de l'Aménagement et des Réseaux, Institut national des sciences de l'Univers, Institut de recherche pour le développement [IRD] : UR219, Université Savoie Mont Blanc, Université Grenoble Alpes [2016-2019], Université Savoie Mont Blanc"
